timestamp,status,direction,grade,trend,pullback,rejection,volume,open_interest,poc,vah,val,current_price,open,high,low,bar_volume,sma20_volume,elapsed_seconds,ema_10,vwap,ema_slope,engine_version
2026-08-05T15:20:41.335607+05:30,WAIT,Neutral,Ignore,Unknown,None,Bullish,Low,Flat,Below,Below,Below,57835,57834.6,57839.6,57831.4,330,4023.0,41.311703,57812.77196148987,57978.94806631745,,b69f1c49
2026-08-05T15:21:46.651054+05:30,WAIT,Neutral,Ignore,Neutral,None,Bullish,Low,Flat,Below,Below,Below,57842.6,57834.6,57842.6,57831.4,1140,4023.0,106.651054,57814.15377967169,57978.75299357779,1.381818181820563,b69f1c49
2026-08-05T15:21:52.654938+05:30,WAIT,Neutral,Ignore,Neutral,None,Bullish,Normal,Flat,Below,Below,Below,57840.0,57834.6,57842.6,57831.4,1890,4023.0,112.65409,57813.68105239896,57978.573568509804,0.9090909090955392,b69f1c49
2026-08-05T15:21:55.642688+05:30,WAIT,Neutral,Ignore,Neutral,None,Bullish,High,Flat,Below,Below,Below,57840.0,57834.6,57842.6,57831.4,2790,4023.0,115.642688,57813.68105239896,57978.35887000981,0.9090909090955392,b69f1c49
2026-08-05T15:22:05.668506+05:30,WAIT,Neutral,Ignore,Neutral,None,Bullish,High,Falling,Below,Below,Below,57840.0,57834.6,57842.6,57831.4,2820,4023.0,125.668506,57813.68105239896,57978.35172485024,0.0,b69f1c49
2026-08-05T15:24:41.345926+05:30,WAIT,Neutral,Ignore,Neutral,None,None,High,Falling,Below,Below,Below,57832.0,57834.6,57844.0,57831.4,5100,4023.0,281.345926,57812.22650694442,57977.8121090535,-2.1818181818161975,b69f1c49
2026-08-05T15:24:50.394245+05:30,WAIT,Neutral,Ignore,Neutral,None,Bullish,High,Falling,Below,Below,Below,57838.0,57834.6,57844.0,57831.4,5220,4023.0,290.394245,57813.31741603532,57977.782421312484,-0.3636363636396709,b69f1c49
2026-08-05T15:24:58.395367+05:30,WAIT,Neutral,Ignore,Neutral,None,None,High,Falling,Below,Below,Below,57832.0,57834.6,57844.0,57831.4,5250,4023.0,298.395367,57812.22650694442,57977.775160709694,-2.109090909085353,b69f1c49
2026-08-05T15:25:01.377535+05:30,WAIT,Neutral,Ignore,Neutral,None,None,Unknown,Flat,Below,Below,Below,57832.0,57832.0,57832.0,57832.0,0.0,3766.5,1.377535,57815.82168749998,57977.760168663546,1.4860896464742837,b69f1c49
2026-08-05T15:25:24.447551+05:30,WAIT,Neutral,Ignore,Neutral,None,Bullish,Unknown,Flat,Below,Below,Below,57835.6,57832.0,57835.6,57830.0,720.0,3766.5,24.446644,57816.47623295453,57977.57832674233,3.1224532828418887,b69f1c49
2026-08-05T15:25:30.452719+05:30,WAIT,Neutral,Ignore,Neutral,None,None,Unknown,Flat,Below,Below,Below,57830.0,57832.0,57835.6,57830.0,750.0,3766.5,30.447589,57815.458051136346,57977.57074774035,1.9224532828375231,b69f1c49
2026-08-05T15:26:03.575756+05:30,WAIT,Neutral,Ignore,Neutral,None,None,Normal,Flat,Below,Below,Below,57823.2,57832.0,57835.6,57823.2,990.0,3766.5,63.574868,57814.22168749998,57977.50934291581,-1.5999999999985448,b69f1c49
2026-08-05T15:26:31.684985+05:30,WAIT,Neutral,Ignore,Neutral,None,None,High,Flat,Below,Below,Below,57818.4,57832.0,57835.6,57818.4,1890.0,3766.5,91.6836,57813.34896022725,57977.26817016915,-2.109090909092629,b69f1c49
2026-08-05T15:28:08.205959+05:30,WAIT,Neutral,Ignore,Neutral,None,None,Normal,Flat,Below,Below,Below,57830.0,57832.0,57835.6,57818.0,2940.0,3766.5,188.205959,57815.458051136346,57976.99599897672,0.9090909090955392,b69f1c49
2026-08-05T15:28:09.220297+05:30,WAIT,Neutral,Ignore,Neutral,None,Bullish,Normal,Falling,Below,Below,Below,57839.8,57832.0,57839.8,57818.0,2970.0,3766.5,189.220297,57817.23986931816,57976.98897984243,2.6909090909102815,b69f1c49
2026-08-05T15:28:23.179175+05:30,WAIT,Neutral,Ignore,Neutral,None,Bullish,High,Falling,Below,Below,Below,57840.0,57832.0,57840.0,57818.0,3720.0,3766.5,203.179175,57817.27623295452,57976.81347912728,2.727272727272066,b69f1c49
2026-08-05T15:28:45.219608+05:30,WAIT,Neutral,Ignore,Neutral,None,None,High,Falling,Below,Below,Below,57828.4,57832.0,57840.0,57818.0,3960.0,3766.5,225.219608,57815.16714204544,57976.75454313295,0.6181818181867129,b69f1c49
2026-08-05T15:28:47.253454+05:30,WAIT,Neutral,Ignore,Neutral,None,Bullish,High,Falling,Below,Below,Below,57835.0,57832.0,57840.0,57818.0,3990.0,3766.5,227.252436,57816.367142045434,57976.74730337079,1.8181818181838025,b69f1c49
2026-08-05T15:28:55.271825+05:30,WAIT,Neutral,Ignore,Neutral,None,None,High,Falling,Below,Below,Below,57830.8,57832.0,57840.0,57818.0,3990.0,3766.5,235.271825,57815.6035056818,57976.74730337079,1.0545454545499524,b69f1c49
2026-08-05T15:29:02.256443+05:30,WAIT,Neutral,Ignore,Neutral,None,Bullish,High,Falling,Below,Below,Below,57835.0,57832.0,57840.0,57818.0,4110.0,3766.5,242.256443,57816.367142045434,57976.7181372549,0.9090909090882633,b69f1c49
2026-08-05T15:29:03.264236+05:30,WAIT,Neutral,Ignore,Neutral,None,None,High,Falling,Below,Below,Below,57830.8,57832.0,57840.0,57818.0,4110.0,3766.5,243.263725,57815.6035056818,57976.7181372549,0.14545454545441316,b69f1c49
2026-08-05T15:30:01.743688+05:30,WAIT,Neutral,Ignore,Neutral,None,None,Unknown,Flat,Below,Below,Below,57839.0,57839.0,57839.0,57839.0,180.0,4111.5,1.743688,57818.13179390494,57974.71280294251,2.5282882231404074,b69f1c49
2026-08-05T15:30:07.759243+05:30,WAIT,Neutral,Ignore,Neutral,None,None,Unknown,Falling,Below,Below,Below,57818.6,57839.0,57839.0,57818.6,960.0,4111.5,7.759243,57814.42270299585,57974.51335983495,-1.0353481404963532,b69f1c49
2026-08-05T15:30:17.728499+05:30,WAIT,Neutral,Ignore,Neutral,None,Bullish,Unknown,Falling,Below,Below,Below,57840.0,57839.0,57840.0,57818.6,1020.0,4111.5,17.726503,57818.313612086764,57974.49869685535,2.855560950418294,b69f1c49
2026-08-05T15:30:20.759356+05:30,WAIT,Neutral,Ignore,Neutral,None,None,Unknown,Falling,Below,Below,Below,57820.2,57839.0,57840.0,57818.6,1260.0,4111.5,20.759356,57814.71361208676,57974.437610018605,0.16465185950801242,b69f1c49
2026-08-05T15:30:30.808906+05:30,WAIT,Neutral,Ignore,Neutral,None,None,High,Falling,Below,Below,Below,57820.2,57839.0,57840.0,57818.6,1260.0,4111.5,30.805012,57814.71361208676,57974.437610018605,0.41919731405505445,b69f1c49
2026-08-05T15:31:27.946743+05:30,WAIT,Neutral,Ignore,Neutral,None,None,Normal,Falling,Below,Below,Below,57830.0,57839.0,57840.0,57818.6,1500.0,4111.5,87.946743,57816.49543026858,57974.37644160676,1.7818181818220182,b69f1c49
2026-08-05T15:31:53.993372+05:30,WAIT,Neutral,Ignore,Neutral,None,Bullish,Normal,Falling,Below,Below,Below,57840.0,57839.0,57840.0,57818.6,1650.0,4111.5,113.992373,57818.313612086764,57974.34156614395,3.6727272727293894,b69f1c49
2026-08-05T15:32:00.061596+05:30,WAIT,Neutral,Ignore,Neutral,None,None,Normal,Falling,Below,Below,Below,57830.0,57839.0,57840.0,57818.6,1740.0,4111.5,120.060739,57816.49543026858,57974.32081009096,1.8545454545455868,b69f1c49
2026-08-05T15:33:00.207586+05:30,WAIT,Neutral,Ignore,Neutral,None,Bullish,Normal,Falling,Below,Below,Below,57840.0,57839.0,57840.0,57818.6,2370.0,4111.5,180.207586,57818.313612086764,57974.16556224899,1.8181818181838025,b69f1c49
2026-08-05T15:33:02.213898+05:30,WAIT,Neutral,Ignore,Neutral,Bullish,Bullish,Normal,Falling,Below,Below,Below,57844.0,57839.0,57844.0,57818.6,2700.0,4111.5,182.213898,57819.040884814036,57974.0927198836,2.5454545454558684,b69f1c49
2026-08-05T15:33:08.207173+05:30,WAIT,Neutral,Ignore,Neutral,None,None,Normal,Falling,Below,Below,Below,57820.6,57839.0,57844.0,57818.6,2730.0,4111.5,188.206172,57814.78633935949,57974.08501906482,-1.7090909090911737,b69f1c49
2026-08-05T15:33:20.178265+05:30,WAIT,Neutral,Ignore,Neutral,None,Bullish,Normal,Falling,Below,Below,Below,57840.0,57839.0,57844.0,57818.6,2730.0,4111.5,200.178265,57818.313612086764,57974.08501906482,2.618181818186713,b69f1c49
2026-08-05T15:33:22.169348+05:30,WAIT,Neutral,Ignore,Neutral,None,None,Normal,Falling,Below,Below,Below,57821.6,57839.0,57844.0,57818.6,2910.0,4111.5,202.168494,57814.968157541305,57974.04466847226,-0.7272727272720658,b69f1c49
2026-08-05T15:35:01.528532+05:30,WAIT,Neutral,Ignore,Neutral,None,None,Unknown,Flat,Below,Below,Below,57821.0,57821.0,57821.0,57821.0,30.0,4152.0,1.528532,57815.97559997181,57973.79718620137,-1.974375751313346,b69f1c49
2026-08-05T15:35:30.506983+05:30,WAIT,Neutral,Ignore,Neutral,None,None,Low,Flat,Below,Below,Below,57838.0,57821.0,57838.0,57821.0,330.0,4152.0,30.506983,57819.06650906272,57973.72862933493,1.1165333395983907,b69f1c49
2026-08-05T15:35:32.511421+05:30,WAIT,Neutral,Ignore,Neutral,None,None,Unknown,Flat,Below,Below,Below,57830.0,57821.0,57838.0,57821.0,420.0,4152.0,32.511421,57817.61196360817,57973.70705493846,-0.33801211495301686,b69f1c49
2026-08-05T15:35:38.540245+05:30,WAIT,Neutral,Ignore,Neutral,None,None,Low,Flat,Below,Below,Below,57830.0,57821.0,57838.0,57821.0,420.0,4152.0,38.540245,57817.61196360817,57973.70705493846,-0.33801211495301686,b69f1c49
2026-08-05T15:36:18.756622+05:30,WAIT,Neutral,Ignore,Neutral,None,Bullish,Unknown,Flat,Below,Below,Below,57825.0,57821.0,57838.0,57820.0,930.0,4152.0,78.756622,57816.70287269908,57973.577473378995,-2.363636363639671,b69f1c49
2026-08-05T15:36:22.771653+05:30,WAIT,Neutral,Ignore,Neutral,None,None,Normal,Flat,Below,Below,Below,57818.6,57821.0,57838.0,57818.6,1050.0,4152.0,82.770805,57815.53923633545,57973.54648872894,-3.527272727274976,b69f1c49
2026-08-05T15:36:25.735226+05:30,WAIT,Neutral,Ignore,Neutral,None,Bullish,Normal,Flat,Below,Below,Below,57830.0,57821.0,57838.0,57818.6,1050.0,4152.0,85.735226,57817.61196360817,57973.54648872894,-1.4545454545514076,b69f1c49
2026-08-05T15:36:48.776565+05:30,WAIT,Neutral,Ignore,Neutral,None,Bullish,Low,Flat,Below,Below,Below,57835.0,57821.0,57838.0,57818.6,1200.0,4152.0,108.775717,57818.52105451727,57973.511373176094,0.9090909090955392,b69f1c49
2026-08-05T15:36:51.810285+05:30,WAIT,Neutral,Ignore,Neutral,None,Bullish,Normal,Flat,Below,Below,Below,57830.0,57821.0,57838.0,57818.6,1320.0,4152.0,111.809268,57817.61196360817,57973.482693844926,0.0,b69f1c49
2026-08-05T15:36:58.834783+05:30,WAIT,Neutral,Ignore,Neutral,Bearish,Bearish,Normal,Flat,Below,Below,Below,57812.0,57821.0,57838.0,57812.0,1320.0,4152.0,118.834783,57814.33923633544,57973.482693844926,-1.6727272727293894,b69f1c49
2026-08-05T15:37:02.877667+05:30,WAIT,Neutral,Ignore,Neutral,Bearish,Bearish,Low,Flat,Below,Below,Below,57812.0,57821.0,57838.0,57812.0,1350.0,4152.0,122.876776,57814.33923633544,57973.47462656742,-1.6727272727293894,b69f1c49
2026-08-05T15:37:07.920706+05:30,WAIT,Neutral,Ignore,Neutral,Bearish,Bearish,Normal,Flat,Below,Below,Below,57811.0,57821.0,57838.0,57811.0,1620.0,4152.0,127.920706,57814.15741815363,57973.4016578448,-1.8545454545455868,b69f1c49
2026-08-05T15:37:30.937491+05:30,ENTRY,Short,B,Bearish,Bearish,Bearish,Normal,Flat,Below,Below,Below,57802.0,57821.0,57838.0,57802.0,1860.0,4152.0,150.932489,57812.52105451727,57973.33560946391,-6.0,b69f1c49
2026-08-05T15:37:48.904956+05:30,WAIT,Neutral,Ignore,Bearish,Bearish,Bearish,Low,Flat,Below,Below,Below,57802.0,57821.0,57838.0,57802.0,1860.0,4152.0,168.904956,57812.52105451727,57973.33560946391,-6.0,b69f1c49
2026-08-05T15:38:48.056042+05:30,ENTRY,Short,B,Bearish,Bearish,Bearish,Normal,Flat,Below,Below,Below,57791.0,57821.0,57838.0,57791.0,2940.0,4152.0,228.053033,57810.52105451727,57973.01776781266,-2.0,b69f1c49
2026-08-05T15:39:44.293005+05:30,ENTRY,Short,A,Bearish,Bearish,Bearish,High,Flat,Below,Below,Below,57783.2,57821.0,57838.0,57783.2,5430.0,4152.0,284.290399,57809.102872699084,57972.25008683571,-3.4181818181823473,b69f1c49
2026-08-05T15:40:02.316076+05:30,WAIT,Neutral,Ignore,Bearish,None,None,Unknown,Flat,Below,Below,Below,57800.0,57800.0,57800.0,57800.0,0.0,4362.0,2.316076,57809.94697848933,57972.22444929549,-0.39225784611335257,b69f1c49
2026-08-05T15:40:09.353414+05:30,WAIT,Neutral,Ignore,Bearish,None,None,Unknown,Falling,Below,Below,Below,57790.0,57800.0,57800.0,57790.0,0.0,4362.0,9.353414,57808.128796671146,57972.22444929549,-1.9195305733883288,b69f1c49
2026-08-05T15:40:30.393219+05:30,WAIT,Neutral,Ignore,Bearish,None,None,Low,Falling,Below,Below,Below,57803.0,57800.0,57803.0,57790.0,270.0,4362.0,30.389212,57810.492433034786,57972.14390280189,0.15319669934251579,b69f1c49
2026-08-06T09:30:53.706734+05:30,WAIT,Neutral,Ignore,Unknown,None,None,Low,Flat,Above,Above,Above,57991.6,57975,58000,57975,390,6856.5,53.704735,57902.29097783429,57949.43621268327,,1904c465
2026-08-06T09:32:14.013485+05:30,WAIT,Neutral,Ignore,Neutral,None,None,Low,Flat,Above,Above,Above,58000.0,57975,58000,57975,1800,6856.5,134.013485,57903.81825056156,57950.44139951741,1.7818181818147423,1904c465
2026-08-06T09:33:17.110183+05:30,WAIT,Neutral,Ignore,Neutral,None,None,Low,Flat,Above,Rejected,Above,57974.0,57975,58000,57974.0,2910,6856.5,197.110183,57899.09097783429,57951.10150515813,-4.545454545455868,1904c465
2026-08-06T09:33:23.154493+05:30,WAIT,Neutral,Ignore,Neutral,None,Bullish,Low,Flat,Above,Above,Above,57998.0,57975,58000,57970.0,3600,6856.5,203.15349,57903.45461419793,57951.54416583083,-0.36363636363239493,1904c465
2026-08-06T09:33:26.185255+05:30,WAIT,Neutral,Ignore,Neutral,None,Bullish,Normal,Flat,Above,Above,Above,57985.0,57975,58000,57970.0,4110,6856.5,206.185255,57901.09097783429,57951.8269849163,-0.4000000000014552,1904c465
2026-08-06T09:33:48.236241+05:30,WAIT,Neutral,Ignore,Neutral,None,Bullish,Low,Flat,Above,Above,Above,57982.4,57975,58000,57970.0,4170,6856.5,228.236241,57900.618250561565,57951.85865209472,-2.2909090909088263,1904c465
2026-08-06T09:34:15.412357+05:30,WAIT,Neutral,Ignore,Neutral,None,None,Low,Flat,Above,Rejected,Above,57970.0,57975,58000,57970.0,4380,6856.5,255.412357,57898.36370510702,57952.02191419142,-2.8363636363646947,1904c465
2026-08-06T09:34:25.455995+05:30,WAIT,Neutral,Ignore,Neutral,None,Bullish,Low,Flat,Above,Above,Above,57990.0,57975,58000,57970.0,4620,6856.5,265.455995,57902.00006874338,57952.09717291256,0.7636363636338501,1904c465
2026-08-06T09:34:51.531739+05:30,WAIT,Neutral,Ignore,Neutral,None,None,Low,Flat,Above,Rejected,Above,57973.2,57975,58000,57970.0,5250,6856.5,291.531739,57898.945523288836,57952.490320481535,-1.6727272727293894,1904c465
2026-08-06T09:34:55.531882+05:30,WAIT,Neutral,Ignore,Neutral,None,Bullish,Low,Flat,Above,Above,Above,57989.4,57975,58000,57970.0,5370,6856.5,295.531882,57901.89097783429,57952.53067056341,1.2727272727279342,1904c465
2026-08-06T09:34:56.539378+05:30,WAIT,Neutral,Ignore,Neutral,None,None,Low,Flat,Above,Rejected,Above,57970.0,57975,58000,57970.0,5400,6856.5,296.539378,57898.36370510702,57952.53917559234,-2.254545454547042,1904c465
2026-08-06T09:34:57.554108+05:30,WAIT,Neutral,Ignore,Neutral,None,Bullish,Low,Flat,Above,Above,Above,57988.2,57975,58000,57970.0,5460,6856.5,297.554108,57901.67279601611,57952.55616083009,1.0545454545426765,1904c465
2026-08-06T09:34:59.568143+05:30,WAIT,Neutral,Ignore,Neutral,None,None,Low,Flat,Above,Below,Above,57960.0,57975,58000,57955.0,5580,6856.5,299.568143,57896.545523288834,57952.58430420712,-7.090909090911737,1904c465
2026-08-06T09:35:00.565745+05:30,WAIT,Neutral,Ignore,Neutral,None,None,Low,Flat,At,Below,Above,57960.0,57975,58000,57955.0,5580,7035.0,300.0,57896.545523288834,57952.58430420712,-4.727272727272066,1904c465
2026-08-06T09:35:01.581760+05:30,WAIT,Neutral,Ignore,Neutral,None,None,Unknown,Flat,At,Below,Above,57950.0,57960.0,57960.0,57950.0,0.0,7035.0,1.58176,57906.2645190545,57952.58430420712,2.6280866747547407,1904c465
2026-08-06T09:35:03.599988+05:30,WAIT,Neutral,Ignore,Bullish,None,Bullish,Unknown,Flat,At,Below,Above,57960.4,57960.0,57960.4,57950.0,540.0,7035.0,3.599988,57908.15542814541,57952.566923323706,4.518995765662112,1904c465
2026-08-06T09:35:05.594361+05:30,WAIT,Neutral,Ignore,Neutral,None,None,Unknown,Flat,At,Below,Above,57950.0,57960.0,57960.4,57950.0,600.0,7035.0,5.594361,57906.2645190545,57952.5644551282,2.6280866747547407,1904c465
2026-08-06T09:35:11.610179+05:30,WAIT,Neutral,Ignore,Bullish,None,Bullish,Unknown,Flat,At,Below,Above,57960.4,57960.0,57960.4,57942.6,690.0,7035.0,11.610179,57908.15542814541,57952.56076172188,4.518995765662112,1904c465
2026-08-06T09:35:17.553453+05:30,WAIT,Neutral,Ignore,Neutral,None,None,Unknown,Flat,At,Below,Above,57948.2,57960.0,57965.0,57942.6,840.0,7035.0,17.553453,57905.93724632723,57952.58173690932,7.573541220212064,1904c465
2026-08-06T09:35:24.579400+05:30,WAIT,Neutral,Ignore,Bullish,None,Bullish,Unknown,Flat,Above,Below,Above,57982.8,57960.0,57987.8,57942.6,1740.0,7035.0,24.57853,57912.22815541814,57952.89342146679,13.464450311119435,1904c465
2026-08-06T09:35:28.618865+05:30,WAIT,Neutral,Ignore,Neutral,None,None,Unknown,Flat,At,Below,Above,57951.4,57960.0,57987.8,57942.6,1770.0,7035.0,28.618865,57906.51906450905,57952.90762938493,4.518995765669388,1904c465
2026-08-06T09:35:30.628862+05:30,WAIT,Neutral,Ignore,Neutral,None,None,High,Flat,At,Below,Above,57951.4,57960.0,57987.8,57942.6,1800.0,7035.0,30.626696,57906.51906450905,57952.906918238994,3.173541220210609,1904c465
2026-08-06T09:35:31.624578+05:30,WAIT,Neutral,Ignore,Bullish,None,Bullish,High,Flat,Above,Below,Above,57983.0,57960.0,57987.8,57942.6,1800.0,7035.0,31.624578,57912.2645190545,57952.906918238994,8.918995765663567,1904c465
2026-08-06T09:35:38.640519+05:30,WAIT,Neutral,Ignore,Bullish,None,Bullish,High,Flat,At,Below,Above,57960.6,57960.0,57987.8,57942.6,2010.0,7035.0,38.640519,57908.19179178177,57953.00595517944,4.846268492932722,1904c465
2026-08-06T09:35:41.654873+05:30,WAIT,Neutral,Ignore,Bullish,None,Bullish,High,Flat,Above,Below,Above,57983.0,57960.0,57987.8,57942.6,2040.0,7035.0,41.654873,57912.2645190545,57953.009523809524,10.264450311122346,1904c465
2026-08-06T09:35:45.645919+05:30,WAIT,Neutral,Ignore,Bullish,None,Bullish,High,Flat,At,Below,Above,57962.2,57960.0,57987.8,57942.6,2160.0,7035.0,45.645131,57908.48270087268,57953.044871794875,6.4826321293003275,1904c465
2026-08-06T09:35:55.788367+05:30,WAIT,Neutral,Ignore,Bullish,None,Bullish,High,Flat,Above,Below,Above,57985.6,57960.0,57987.8,57942.6,2280.0,7035.0,55.787472,57912.737246327226,57953.07690387016,10.846268492932722,1904c465
2026-08-06T09:36:01.788719+05:30,WAIT,Neutral,Ignore,Bullish,None,Bullish,High,Flat,At,Below,Above,57965.4,57960.0,57990.0,57942.6,2430.0,7035.0,61.787659,57909.064519054504,57953.125673361355,2.8000000000029104,1904c465
2026-08-06T09:36:03.791014+05:30,WAIT,Neutral,Ignore,Bullish,None,Bullish,High,Flat,Above,Below,Above,57990.0,57960.0,57990.0,57942.6,2460.0,7035.0,63.791014,57913.53724632723,57953.14288826642,5.381818181820563,1904c465
2026-08-06T09:36:16.927221+05:30,WAIT,Neutral,Ignore,Bullish,None,Bullish,High,Flat,Above,Rejected,Above,57995.0,57960.0,57995.0,57942.6,2700.0,7035.0,76.92602,57914.44633723632,57953.27463565891,5.454545454544132,1904c465
2026-08-06T09:36:19.940142+05:30,WAIT,Neutral,Ignore,Bullish,None,Bullish,High,Flat,At,Below,Above,57963.0,57960.0,57995.0,57942.6,2730.0,7035.0,79.940142,57908.62815541814,57953.29403378274,2.6909090909102815,1904c465
2026-08-06T09:36:21.944923+05:30,WAIT,Neutral,Ignore,Bullish,None,Bullish,High,Flat,Above,Rejected,Above,57995.0,57960.0,57995.0,57942.6,3030.0,7035.0,81.94392,57914.44633723632,57953.35375597717,8.509090909086808,1904c465
2026-08-06T09:36:25.938119+05:30,WAIT,Neutral,Ignore,Bullish,None,Bullish,High,Flat,Above,Below,Above,57969.2,57960.0,57996.4,57942.6,3090.0,7035.0,85.937265,57909.75542814541,57953.38098320234,-2.509090909094084,1904c465
2026-08-06T09:36:29.974886+05:30,WAIT,Neutral,Ignore,Bullish,None,Bullish,High,Falling,Above,Rejected,Above,57995.0,57960.0,57996.4,57942.6,3270.0,7035.0,89.973996,57914.44633723632,57953.43663746734,7.927272727269155,1904c465
2026-08-06T09:36:42.019064+05:30,WAIT,Neutral,Ignore,Bullish,None,Bullish,High,Falling,Above,Below,Above,57990.0,57960.0,57999.0,57942.6,3420.0,7035.0,102.018172,57913.53724632723,57953.53305734437,1.2727272727279342,1904c465
2026-08-06T09:36:43.043208+05:30,WAIT,Neutral,Ignore,Bullish,None,Bullish,High,Falling,Above,Rejected,Above,57999.0,57960.0,57999.0,57942.6,3450.0,7035.0,103.043208,57915.17360996359,57953.55396168582,2.9090909090882633,1904c465
2026-08-06T09:37:00.120710+05:30,WAIT,Neutral,Ignore,Bullish,None,Bullish,Normal,Falling,Above,Rejected,Above,57997.8,57960.0,57999.0,57942.6,3510.0,7035.0,120.12071,57914.95542814541,57953.59516153728,1.7818181818220182,1904c465
2026-08-06T09:37:04.150711+05:30,WAIT,Neutral,Ignore,Bullish,None,Bullish,Normal,Falling,Above,Below,Above,57971.2,57960.0,57999.0,57942.6,3510.0,7035.0,124.149729,57910.11906450905,57953.59516153728,-3.4181818181823473,1904c465
2026-08-06T09:37:05.167828+05:30,WAIT,Neutral,Ignore,Bullish,None,Bullish,High,Falling,Above,Below,Above,57971.2,57960.0,57999.0,57942.6,4020.0,7035.0,125.166828,57910.11906450905,57953.73157095108,-3.4181818181823473,1904c465
2026-08-06T09:37:07.171006+05:30,WAIT,Neutral,Ignore,Bullish,None,Bullish,High,Falling,Above,Rejected,Above,57998.0,57960.0,57999.0,57942.6,4530.0,7035.0,127.171006,57914.99179178177,57954.071943313735,1.8181818181838025,1904c465
2026-08-06T09:37:21.198775+05:30,WAIT,Neutral,Ignore,Bullish,None,Bullish,High,Falling,Above,Below,Above,57969.0,57960.0,57999.0,57942.6,4650.0,7035.0,141.197766,57909.719064509045,57954.138449962375,1.0909090909044608,1904c465
2026-08-06T09:37:22.190679+05:30,WAIT,Neutral,Ignore,Neutral,None,Bullish,High,Falling,Above,Below,Above,57969.0,57960.0,57999.0,57942.6,4650.0,7035.0,142.190679,57909.719064509045,57954.138449962375,-4.727272727272066,1904c465
2026-08-06T09:37:23.200165+05:30,WAIT,Neutral,Ignore,Neutral,None,Bullish,High,Falling,Above,Rejected,Above,57998.0,57960.0,57999.0,57942.6,4680.0,7035.0,143.200165,57914.99179178177,57954.15824308062,0.5454545454558684,1904c465
2026-08-06T09:37:26.188575+05:30,WAIT,Neutral,Ignore,Bullish,None,Bullish,High,Falling,Above,Rejected,Above,57998.0,57960.0,57999.0,57942.6,4680.0,7035.0,146.188575,57914.99179178177,57954.15824308062,5.23636363636615,1904c465
2026-08-06T09:37:29.209407+05:30,WAIT,Neutral,Ignore,Bullish,None,Bullish,High,Falling,Above,Below,Above,57975.0,57960.0,57999.0,57942.6,4680.0,7035.0,149.209407,57910.80997359996,57954.15824308062,1.0545454545499524,1904c465
2026-08-06T09:37:39.303274+05:30,WAIT,Neutral,Ignore,Neutral,None,Bullish,High,Falling,Above,Below,Above,57975.2,57960.0,57999.0,57942.6,4800.0,7035.0,159.30243,57910.84633723632,57954.21615615616,-4.327272727270611,1904c465
2026-08-06T09:37:51.337188+05:30,WAIT,Neutral,Ignore,Neutral,None,Bullish,Normal,Falling,Above,Below,Above,57985.0,57960.0,57999.0,57942.6,5010.0,7035.0,171.337188,57912.62815541814,57954.31291722796,-2.5454545454485924,1904c465
2026-08-06T09:37:59.417711+05:30,WAIT,Neutral,Ignore,Neutral,None,Bullish,High,Falling,Above,Below,Above,57980.4,57960.0,57999.0,57942.6,5520.0,7035.0,179.416689,57911.791791781776,57954.51197266785,-3.1636363636353053,1904c465
2026-08-06T09:38:12.477715+05:30,WAIT,Neutral,Ignore,Neutral,None,Bullish,Normal,Falling,Above,Below,Above,57985.2,57960.0,57999.0,57942.6,5640.0,7035.0,192.477715,57912.6645190545,57954.55305456702,-2.472727272725024,1904c465
2026-08-06T09:38:54.686803+05:30,WAIT,Neutral,Ignore,Neutral,None,Bullish,Normal,Falling,Above,Rejected,Above,57997.0,57960.0,57999.0,57942.6,6270.0,7035.0,234.685329,57914.80997359996,57954.837931541064,2.981818181819108,1904c465
2026-08-06T09:39:14.769541+05:30,WAIT,Neutral,Ignore,Bullish,None,Bullish,High,Falling,Above,Above,Above,58010.0,57960.0,58010.0,57942.6,8250.0,7035.0,254.768541,57917.17360996359,57956.11788722341,4.509090909086808,1904c465
2026-08-06T09:40:00.081653+05:30,WAIT,Neutral,Ignore,Bullish,None,Bullish,High,Falling,Above,Rejected,Above,58018.8,57960.0,58025.0,57942.6,9780.0,7378.5,300.0,57918.773609963595,57957.44495669181,3.7818181818220182,1904c465
2026-08-06T09:40:01.084711+05:30,WAIT,Neutral,Ignore,Bullish,None,None,Unknown,Flat,Above,Rejected,Above,58018.8,58018.8,58018.8,58018.8,30.0,7378.5,1.083715,57936.96022633385,57957.470660522275,21.968434552079998,1904c465
2026-08-06T09:40:30.098057+05:30,WAIT,Neutral,Ignore,Bullish,None,Bullish,Low,Flat,Above,Rejected,Above,58019.8,58018.8,58019.8,58015.0,180.0,7378.5,30.09495,57937.14204451567,57957.59726867336,18.51388909752859,1904c465
2026-08-06T09:40:33.134601+05:30,WAIT,Neutral,Ignore,Bullish,None,None,Low,Flat,Above,Rejected,Above,58010.2,58018.8,58020.0,58010.2,330.0,7378.5,33.134601,57935.396589970216,57957.71508830482,16.768434552075632,1904c465
2026-08-06T09:40:41.132606+05:30,WAIT,Neutral,Ignore,Bullish,None,Bullish,Low,Flat,Above,Rejected,Above,58020.0,58018.8,58020.0,58010.2,390.0,7378.5,41.132606,57937.17840815203,57957.76701403363,18.18661637025798,1904c465
2026-08-06T09:41:00.182583+05:30,WAIT,Neutral,Ignore,Bullish,None,None,Low,Flat,Above,Rejected,Above,58018.8,58018.8,58020.0,58010.2,570.0,7378.5,60.17757,57936.96022633385,57957.92227304227,18.18661637025798,1904c465
2026-08-06T09:41:05.188591+05:30,WAIT,Neutral,Ignore,Bullish,None,Bullish,Low,Flat,Above,Rejected,Above,58020.0,58018.8,58020.0,58010.2,600.0,7378.5,65.187671,57937.17840815203,57957.94757550568,0.21818181817798177,1904c465
2026-08-06T09:41:13.244805+05:30,WAIT,Neutral,Ignore,Bullish,None,None,Low,Flat,Above,Rejected,Above,58015.0,58018.8,58020.0,58010.2,630.0,7378.5,73.24392,57936.26931724294,57957.97335549093,-0.6909090909102815,1904c465
2026-08-06T09:41:21.268861+05:30,WAIT,Neutral,Ignore,Bullish,None,Bullish,Low,Flat,Above,Rejected,Above,58020.0,58018.8,58020.0,58010.2,660.0,7378.5,81.268861,57937.17840815203,57957.99703765227,0.21818181817798177,1904c465
2026-08-06T09:41:24.274981+05:30,WAIT,Neutral,Ignore,Bullish,None,None,Low,Flat,Above,Rejected,Above,58015.0,58018.8,58020.0,58010.2,720.0,7378.5,84.274981,57936.26931724294,57958.04641770401,0.0,1904c465
2026-08-06T09:41:41.328441+05:30,WAIT,Neutral,Ignore,Bullish,None,Bullish,Low,Flat,Above,Rejected,Above,58020.0,58018.8,58020.0,58010.2,810.0,7378.5,101.327583,57937.17840815203,57958.11747478934,0.0,1904c465
2026-08-06T09:41:44.328170+05:30,WAIT,Neutral,Ignore,Bullish,None,None,Low,Flat,Above,Rejected,Above,58015.4,58018.8,58020.0,58010.2,870.0,7378.5,104.32817,57936.342044515666,57958.16681849551,-0.8363636363646947,1904c465
2026-08-06T09:42:14.406822+05:30,WAIT,Neutral,Ignore,Bullish,None,Bullish,Low,Flat,Above,Rejected,Above,58020.0,58018.8,58020.0,58010.2,990.0,7378.5,134.406822,57937.17840815203,57958.26600523632,0.9090909090882633,1904c465
2026-08-06T09:42:23.449481+05:30,WAIT,Neutral,Ignore,Bullish,None,None,Low,Flat,Above,Rejected,Above,58018.4,58018.8,58020.0,58010.2,1080.0,7378.5,143.449481,57936.88749906112,57958.34139829342,-0.29090909090882633,1904c465
2026-08-06T09:42:24.454297+05:30,WAIT,Neutral,Ignore,Bullish,None,Bullish,Low,Flat,Above,Rejected,Above,58020.0,58018.8,58020.0,58010.2,1110.0,7378.5,144.454297,57937.17840815203,57958.366845508324,0.9090909090882633,1904c465
2026-08-06T09:42:26.477955+05:30,WAIT,Neutral,Ignore,Bullish,None,Bullish,Low,Flat,Above,Above,Above,58025.0,58018.8,58025.0,58010.2,1620.0,7378.5,146.476956,57938.08749906113,57958.83109289617,1.8181818181838025,1904c465
2026-08-06T09:42:30.503747+05:30,WAIT,Neutral,Ignore,Bullish,None,Bullish,Low,Flat,Above,Rejected,Above,58020.0,58018.8,58025.0,58010.2,1710.0,7378.5,150.499859,57937.17840815203,57958.907845545094,0.872727272726479,1904c465
2026-08-06T09:42:32.536628+05:30,WAIT,Neutral,Ignore,Bullish,None,Bullish,Low,Flat,Above,Above,Above,58025.0,58018.8,58025.0,58010.2,1800.0,7378.5,152.536628,57938.08749906113,57958.988907059145,1.7818181818220182,1904c465
2026-08-06T09:42:35.539037+05:30,WAIT,Neutral,Ignore,Bullish,None,Bullish,Low,Flat,Above,Rejected,Above,58019.0,58018.8,58025.0,58010.2,2160.0,7378.5,155.539037,57936.996589970215,57959.288391646325,0.6909090909102815,1904c465
2026-08-06T09:42:36.536414+05:30,WAIT,Neutral,Ignore,Bullish,None,None,Low,Flat,Above,Rejected,Above,58017.4,58018.8,58025.0,58010.2,2190.0,7378.5,156.536414,57936.705680879306,57959.312023857936,0.4000000000014552,1904c465
2026-08-06T09:42:43.567839+05:30,WAIT,Neutral,Ignore,Bullish,None,Bullish,Low,Flat,Above,Above,Above,58025.0,58018.8,58025.0,58010.2,2190.0,7378.5,163.566983,57938.08749906113,57959.312023857936,0.9090909090955392,1904c465
2026-08-06T09:42:53.662124+05:30,WAIT,Neutral,Ignore,Bullish,None,Bullish,Low,Flat,Above,Rejected,Above,58019.2,58018.8,58025.4,58010.2,2280.0,7378.5,173.662124,57937.03295360658,57959.392228540484,0.21818181817798177,1904c465
2026-08-06T09:42:55.656726+05:30,WAIT,Neutral,Ignore,Bullish,None,Bullish,Low,Flat,Above,Above,Above,58025.0,58018.8,58025.4,58010.2,2580.0,7378.5,175.656726,57938.08749906113,57959.636515641854,1.2727272727279342,1904c465
2026-08-06T09:43:08.757964+05:30,WAIT,Neutral,Ignore,Bullish,None,None,Low,Flat,Above,Rejected,Above,58017.4,58018.8,58025.6,58010.2,2700.0,7378.5,188.757098,57936.705680879306,57959.74251480883,0.0,1904c465
2026-08-06T09:43:10.751063+05:30,WAIT,Neutral,Ignore,Bullish,None,Bullish,Low,Flat,Above,Above,Above,58026.0,58018.8,58026.0,58010.2,2730.0,7378.5,190.751063,57938.26931724294,57959.76579195263,1.5636363636367605,1904c465
2026-08-06T09:43:14.764791+05:30,WAIT,Neutral,Ignore,Bullish,None,None,Low,Flat,Above,Rejected,Above,58017.6,58018.8,58026.0,58010.2,2760.0,7378.5,194.763943,57936.74204451567,57959.79252085015,-0.4363636363632395,1904c465
2026-08-06T09:43:20.818294+05:30,WAIT,Neutral,Ignore,Bullish,None,Bullish,Low,Flat,Above,Above,Above,58024.8,58018.8,58026.0,58010.2,2820.0,7378.5,200.817438,57938.05113542476,57959.83913978495,0.872727272726479,1904c465
2026-08-06T09:43:48.890769+05:30,WAIT,Neutral,Ignore,Bullish,None,None,Low,Flat,Above,Rejected,Above,58018.8,58018.8,58026.0,58010.2,3090.0,7378.5,228.890769,57936.96022633385,57960.070014731486,-1.1999999999970896,1904c465
2026-08-06T09:43:57.910796+05:30,WAIT,Neutral,Ignore,Bullish,None,Bullish,Low,Flat,Above,Above,Above,58020.2,58018.8,58026.0,58010.2,3120.0,7378.5,237.910796,57937.21477178839,57960.09416331995,-0.9818181818191078,1904c465
2026-08-06T09:48:42.964726+05:30,WAIT,Neutral,Ignore,Unknown,None,None,Normal,Falling,Above,Above,Above,58050.8,58030.6,58050.8,58030.6,6780,7503.0,222.962169,57958.2386552321,57967.13289949385,,b735d454
2026-08-06T09:49:12.118297+05:30,WAIT,Neutral,Ignore,Unknown,None,None,High,Falling,Above,Above,Above,58058.0,58030.6,58060.0,58030.6,8550,7503.0,252.118297,57959.54774614119,57968.97720353982,,b735d454
2026-08-06T09:49:43.352747+05:30,WAIT,Neutral,Ignore,Neutral,None,None,High,Falling,Above,Above,Above,58060.0,58030.6,58069.8,58030.6,9720,7503.0,283.348742,57959.911382504826,57970.232332402236,1.6727272727293894,b735d454
2026-08-06T09:50:01.536013+05:30,WAIT,Neutral,Ignore,Bullish,None,None,Unknown,Flat,Above,Above,Above,58051.8,58051.8,58051.8,58051.8,0.0,7926.0,1.536013,57975.160552627916,57970.62654621265,15.612806486729824,b735d454
2026-08-06T09:50:18.551671+05:30,WAIT,Neutral,Ignore,Bullish,None,Bullish,Unknown,Flat,Above,Above,Above,58060.0,58051.8,58060.0,58050.6,120.0,7926.0,18.551671,57976.65146171882,57970.741151977796,16.74007921399607,b735d454
2026-08-06T09:50:30.642376+05:30,WAIT,Neutral,Ignore,Bullish,None,Bullish,Low,Flat,Above,Above,Above,58060.0,58051.8,58060.0,58050.6,390.0,7926.0,30.637973,57976.65146171882,57971.01556554825,17.649170123091608,b735d454
2026-08-06T09:50:38.684331+05:30,WAIT,Neutral,Ignore,Bullish,None,None,Low,Flat,Above,Above,Above,58050.0,58051.8,58060.0,58050.0,600.0,7926.0,38.684331,57974.83327990064,57971.21842650104,15.576442850360763,b735d454
2026-08-06T09:50:40.690598+05:30,WAIT,Neutral,Ignore,Bullish,None,Bullish,Low,Flat,Above,Above,Above,58052.4,58051.8,58060.0,58050.0,660.0,7926.0,40.690598,57975.269643537,57971.27275862069,16.012806486724003,b735d454
2026-08-06T09:50:42.716671+05:30,WAIT,Neutral,Ignore,Bullish,None,None,Low,Flat,Above,Above,Above,58050.0,58051.8,58060.0,58050.0,690.0,7926.0,42.715515,57974.83327990064,57971.300723888315,14.921897395812266,b735d454
2026-08-06T09:50:49.762766+05:30,WAIT,Neutral,Ignore,Bullish,None,Bullish,Low,Flat,Above,Above,Above,58055.0,58051.8,58060.0,58040.4,1020.0,7926.0,49.762766,57975.742370809734,57971.57493131868,17.758261032184237,b735d454
2026-08-06T09:50:53.822616+05:30,WAIT,Neutral,Ignore,Unknown,None,Bullish,Unknown,Flat,Above,Above,Above,58061.0,58060,58062,58040.4,1470,7950.0,53.821722,57978.291131140315,57973.110250311474,,b735d454
2026-08-06T09:51:04.879357+05:30,WAIT,Neutral,Ignore,Unknown,None,None,Unknown,Flat,Above,Above,Above,58054.0,58060,58064.0,58040.4,1860,7950.0,64.878344,57977.01840386759,57973.497789806046,,b735d454
2026-08-06T09:51:11.898608+05:30,WAIT,Neutral,Ignore,Unknown,None,None,Normal,Flat,Above,Above,Above,58058.0,58060,58064.0,58040.4,2010,7950.0,71.898608,57977.74567659486,57973.6364291343,,b735d454
2026-08-06T09:51:21.879936+05:30,WAIT,Neutral,Ignore,Unknown,None,Bullish,Normal,Flat,Above,Above,Above,58061.0,58060,58064.0,58040.4,2040,7950.0,81.879936,57978.291131140315,57973.66491109611,,b735d454
2026-08-06T09:51:26.951196+05:30,WAIT,Neutral,Ignore,Unknown,None,None,Normal,Flat,Above,Above,Above,58060.0,58060,58064.0,58040.4,2100,7950.0,86.951196,57978.10931295849,57973.723504273505,,b735d454
2026-08-06T09:51:54.012612+05:30,WAIT,Neutral,Ignore,Neutral,None,None,Normal,Flat,Above,Above,Above,58050.0,58060,58064.0,58040.4,2520,7950.0,114.012612,57976.291131140315,57974.084777255426,-2.0,b735d454
2026-08-06T09:52:01.058620+05:30,WAIT,Neutral,Ignore,Neutral,None,None,Low,Flat,Above,Above,Above,58050.0,58060,58064.0,58040.4,2550,7950.0,121.054193,57976.291131140315,57974.11026071389,-2.5454545454485924,b735d454
2026-08-06T09:52:09.117053+05:30,WAIT,Neutral,Ignore,Neutral,None,None,Normal,Flat,Above,Above,Above,58050.0,58060,58064.0,58040.4,3420,7950.0,129.116161,57976.291131140315,57974.84191046099,-0.7272727272720658,b735d454
2026-08-06T09:52:55.207302+05:30,WAIT,Neutral,Ignore,Neutral,None,Bullish,Normal,Flat,Above,Above,Above,58064.0,58060,58064.0,58040.4,4950,7950.0,175.207302,57978.83658568576,57976.240361774,2.5454545454485924,b735d454
2026-08-06T09:53:02.281353+05:30,WAIT,Neutral,Ignore,Neutral,None,None,Normal,Flat,Above,Above,Above,58057.6,58060,58064.0,58040.4,5160,7950.0,182.281353,57977.67294932213,57976.43133289846,1.381818181813287,b735d454
2026-08-06T09:53:10.334867+05:30,WAIT,Neutral,Ignore,Neutral,None,None,High,Flat,Above,Above,Above,58055.0,58060,58064.0,58040.4,6600,7950.0,190.334867,57977.2002220494,57977.65262256476,0.9090909090882633,b735d454
2026-08-06T09:53:22.338086+05:30,WAIT,Neutral,Ignore,Neutral,None,None,Normal,Flat,Above,Above,Above,58056.2,58060,58064.0,58040.4,6690,7950.0,202.337185,57977.41840386758,57977.726617474065,0.5454545454485924,b735d454
2026-08-06T09:53:35.334873+05:30,WAIT,Neutral,Ignore,Neutral,None,None,Normal,Falling,Above,Above,Above,58049.0,58060,58064.0,58040.4,6930,7950.0,215.334873,57976.10931295849,57977.909525333336,-1.8181818181838025,b735d454
