timestamp,type,direction,grade,confidence,setup,current_price,reason_list,engine_version,tick_mode
2026-08-14T09:22:44,Trading,Short,A+,95,vwap,57706.0,"Trend: Close 57706.00 below VWAP 57763.14, slope +0.18 (holding, exits above +4.30)|Pullback: No pullback to EMA10|Rejection: No rejection pattern|Volume: Projected relative volume 4.18 >= 1.25 (6750 in 164s -> projected 12348)|Open Interest: OI 2104650 -> 2107470 (+0.13%)|Poc: Close 57706.00 below POC 57722.50|Vah: Close 57706.00 below VAH 57815.00|Val: Close 57706.00 below VAL 57720.00|Vwap Pullback: High 57753.60 within 10 of VWAP 57763.14 > Close 57706.00|Vwap Rejection: Close 57706.00 held 98% of range below VWAP 57763.14",a5a50813,ohlc4-distance-from-open-v1
2026-08-14T09:33:44,Trading,Long,A+,95,vwap,57749.0,"Trend: Close 57749.00 above VWAP 57732.53, slope +13.49 (entered, exits below +4.30)|Pullback: No pullback to EMA10|Rejection: No rejection pattern|Volume: Projected relative volume 6.86 >= 1.25 (18472 in 224s -> projected 24740)|Open Interest: OI 2111040 -> 2114760 (+0.18%)|Poc: Close 57749.00 above POC 57722.50|Vah: Close 57749.00 below VAH 57780.00|Val: Close 57749.00 above VAL 57705.00|Vwap Pullback: Low 57654.80 within 10 of VWAP 57732.53 < Close 57749.00|Vwap Rejection: Close 57749.00 held 100% of range above VWAP 57732.53",a5a50813,ohlc4-distance-from-open-v1
2026-08-14T09:38:44,Trading,Long,B,65,vwap,57776.4,"Trend: Close 57776.40 above VWAP 57733.62, slope +8.25 (entered, exits below +4.30)|Pullback: No pullback to EMA10|Rejection: No rejection pattern|Volume: Projected relative volume 1.09 in Normal band (3712 in 224s -> projected 4972)|Open Interest: OI 2114040 -> 2113800 (-0.01%)|Poc: Close 57776.40 above POC 57722.50|Vah: Close 57776.40 above VAH 57760.00|Val: Close 57776.40 above VAL 57665.00|Vwap Pullback: Low 57714.00 within 10 of VWAP 57733.62 < Close 57776.40|Vwap Rejection: Close 57776.40 held 100% of range above VWAP 57733.62",a5a50813,ohlc4-distance-from-open-v1
2026-08-14T09:46:44,Trading,Long,B,65,ema+vwap,57790.0,"Trend: Close 57790.00 above VWAP 57735.96, slope +2.73 (holding, exits below -4.30)|Pullback: Low 57744.20 <= EMA10 57777.03 < Close 57790.00|Rejection: Lower wick + bullish candle + Close above EMA10|Volume: Projected relative volume 0.94 in Normal band (1582 in 104s -> projected 4565)|Open Interest: OI 2115510 -> 2115270 (-0.01%)|Poc: Close 57790.00 above POC 57737.50|Vah: Close 57790.00 above VAH 57780.00|Val: Close 57790.00 above VAL 57690.00|Vwap Pullback: Low 57744.20 within 10 of VWAP 57735.96 < Close 57790.00|Vwap Rejection: Close 57790.00 held 100% of range above VWAP 57735.96",a5a50813,ohlc4-distance-from-open-v1
2026-08-14T09:48:14,Trading,Long,A,80,ema+vwap,57800.0,"Trend: Close 57800.00 above VWAP 57738.90, slope +1.82 (holding, exits below -4.30)|Pullback: Low 57744.20 <= EMA10 57778.84 < Close 57800.00|Rejection: Lower wick + bullish candle + Close above EMA10|Volume: Projected relative volume 1.53 >= 1.30 (4785 in 194s -> projected 7399)|Open Interest: OI 2115510 -> 2115030 (-0.02%)|Poc: Close 57800.00 above POC 57737.50|Vah: Close 57800.00 above VAH 57780.00|Val: Close 57800.00 above VAL 57690.00|Vwap Pullback: Low 57744.20 within 10 of VWAP 57738.90 < Close 57800.00|Vwap Rejection: Close 57800.00 held 100% of range above VWAP 57738.90",a5a50813,ohlc4-distance-from-open-v1
2026-08-14T09:55:44,Trading,Short,A,80,vwap,57742.0,"Trend: Close 57742.00 below VWAP 57752.19, slope -6.78 (entered, exits above -4.30)|Pullback: No pullback to EMA10|Rejection: No rejection pattern|Volume: Projected relative volume 1.77 >= 1.30 (1485 in 44s -> projected 10125)|Open Interest: OI 2121780 -> 2122440 (+0.03%)|Poc: Close 57742.00 at POC 57742.50|Vah: Close 57742.00 below VAH 57805.00|Val: Close 57742.00 above VAL 57705.00|Vwap Pullback: High 57765.00 within 10 of VWAP 57752.19 > Close 57742.00|Vwap Rejection: Close 57742.00 held 100% of range below VWAP 57752.19",a5a50813,ohlc4-distance-from-open-v1
2026-08-14T10:30:44,Trading,Short,A,80,vwap,57730.0,"Trend: Close 57730.00 below VWAP 57765.69, slope -9.22 (entered, exits above -4.30)|Pullback: No pullback to EMA10|Rejection: No rejection pattern|Volume: Projected relative volume 4.59 >= 1.25 (4118 in 44s -> projected 28074)|Open Interest: OI 2129670 -> 2129850 (+0.01%)|Poc: Close 57730.00 below POC 57742.50|Vah: Close 57730.00 below VAH 57825.00|Val: Close 57730.00 above VAL 57710.00|Vwap Pullback: High 57764.80 within 10 of VWAP 57765.69 > Close 57730.00|Vwap Rejection: Close 57730.00 held 100% of range below VWAP 57765.69",a5a50813,ohlc4-distance-from-open-v1
2026-08-14T10:31:14,Trading,Short,A+,95,vwap,57733.2,"Trend: Close 57733.20 below VWAP 57765.04, slope -5.75 (entered, exits above -4.30)|Pullback: No pullback to EMA10|Rejection: No rejection pattern|Volume: Projected relative volume 4.72 >= 1.25 (7118 in 74s -> projected 28855)|Open Interest: OI 2129670 -> 2132130 (+0.12%)|Poc: Close 57733.20 at POC 57742.50|Vah: Close 57733.20 below VAH 57825.00|Val: Close 57733.20 above VAL 57710.00|Vwap Pullback: High 57764.80 within 10 of VWAP 57765.04 > Close 57733.20|Vwap Rejection: Close 57733.20 held 91% of range below VWAP 57765.04",a5a50813,ohlc4-distance-from-open-v1
2026-08-14T15:11:14,Trading,Long,A,80,vwap,57735.0,"Trend: Close 57735.00 above VWAP 57701.09, slope +4.51 (entered, exits below +4.30)|Pullback: No pullback to EMA10|Rejection: No rejection pattern|Volume: Projected relative volume 2.51 >= 1.25 (2528 in 74s -> projected 10247)|Open Interest: OI 2111550 -> 2111160 (-0.02%)|Poc: Close 57735.00 above POC 57627.50|Vah: Close 57735.00 below VAH 57755.00|Val: Close 57735.00 above VAL 57580.00|Vwap Pullback: Low 57708.00 within 10 of VWAP 57701.09 < Close 57735.00|Vwap Rejection: Close 57735.00 held 100% of range above VWAP 57701.09",a5a50813,ohlc4-distance-from-open-v1
