id,timestamp,type,direction,grade,confidence,setup,current_price,reason_list,engine_version
63de37b7-4cdd-4e1c-b348-d18758d177a8,2026-08-11T09:20:33.994030,Trading,Short,A+,95,vwap,57558.8,"Trend: Close 57558.80 below VWAP 57589.06, slope -44.14 (entered, exits above -4.30) | Pullback: No pullback to EMA10 | Rejection: Upper wick + bearish candle + Close below EMA10 | Volume: Projected relative volume 4.14 >= 1.25 (2460 in 34s -> projected 21711) | Open Interest: OI 2077020 -> 2078430 (+0.07%) | Poc: Close 57558.80 above POC 57507.50 | Vah: Close 57558.80 below VAH 57705.00 | Val: Close 57558.80 above VAL 57505.00 | Vwap Pullback: High 57588.00 within 10 of VWAP 57589.06 > Close 57558.80 | Vwap Rejection: Close 57558.80 held 77% of range below VWAP 57589.06",b3620733
7ab339ef-3015-40e1-827e-8d00785d88e2,2026-08-11T09:25:30.148872,Trading,Short,A+,95,vwap,57555.0,"Trend: Close 57555.00 below VWAP 57580.12, slope -39.14 (entered, exits above -4.30) | Pullback: No pullback to EMA10 | Rejection: Upper wick + bearish candle + Close below EMA10 | Volume: Projected relative volume 2.80 >= 1.30 (1710 in 30s -> projected 17016) | Open Interest: OI 2087160 -> 2089320 (+0.10%) | Poc: Close 57555.00 above POC 57542.50 | Vah: Close 57555.00 below VAH 57710.00 | Val: Close 57555.00 above VAL 57540.00 | Vwap Pullback: High 57571.60 within 10 of VWAP 57580.12 > Close 57555.00 | Vwap Rejection: Close 57555.00 held 70% of range below VWAP 57580.12",b3620733
fbec0b68-593f-4626-a23e-760f775ed170,2026-08-11T12:12:33.120408,Trading,Long,A,80,vwap,57520.0,"Trend: Close 57520.00 above VWAP 57482.36, slope +5.35 (entered, exits below +4.30) | Pullback: Low 57485.00 <= EMA10 57511.77 < Close 57520.00 | Rejection: No rejection pattern | Volume: Projected relative volume 2.06 >= 1.25 (2670 in 153s -> projected 5231) | Open Interest: OI 2123760 -> 2123640 (-0.01%) | Poc: Close 57520.00 above POC 57412.50 | Vah: Close 57520.00 below VAH 57555.00 | Val: Close 57520.00 above VAL 57400.00 | Vwap Pullback: Low 57485.00 within 10 of VWAP 57482.36 < Close 57520.00 | Vwap Rejection: Close 57520.00 held 100% of range above VWAP 57482.36",b3620733
d17c9a5d-557f-4d28-81d6-85d4bd31eb6f,2026-08-11T13:15:42.993644,Trading,Long,A,80,ema,57619.8,"Trend: Close 57619.80 above VWAP 57495.87, slope +7.75 (entered, exits below +4.30) | Pullback: Low 57582.20 <= EMA10 57588.35 < Close 57619.80 | Rejection: Lower wick + bullish candle + Close above EMA10 | Volume: Projected relative volume 2.55 >= 1.25 (990 in 43s -> projected 6908) | Open Interest: OI 2111910 -> 2111940 (+0.00%) | Poc: Close 57619.80 above POC 57517.50 | Vah: Close 57619.80 above VAH 57590.00 | Val: Close 57619.80 above VAL 57415.00 | Vwap Pullback: No pullback to VWAP 57495.87 | Vwap Rejection: Close 57619.80 held 100% of range above VWAP 57495.87",b3620733
b047f1e6-d807-40ea-b41d-6cfa3a5e1b9f,2026-08-11T14:33:21.295960,Trading,Long,A,80,ema,57608.0,"Trend: Close 57608.00 above VWAP 57515.67, slope +5.53 (entered, exits below +4.30) | Pullback: Low 57570.60 <= EMA10 57602.73 < Close 57608.00 | Rejection: Lower wick + bullish candle + Close above EMA10 | Volume: Projected relative volume 1.89 >= 1.25 (4890 in 201s -> projected 7288) | Open Interest: OI 2098500 -> 2098470 (-0.00%) | Poc: Close 57608.00 above POC 57517.50 | Vah: Close 57608.00 below VAH 57630.00 | Val: Close 57608.00 above VAL 57420.00 | Vwap Pullback: No pullback to VWAP 57515.67 | Vwap Rejection: Close 57608.00 held 100% of range above VWAP 57515.67",b3620733
8648548b-449c-44ff-a841-3d9912cbaa25,2026-08-11T14:47:29.725733,Trading,Long,B,65,ema,57598.8,"Trend: Close 57598.80 above VWAP 57516.33, slope +5.78 (entered, exits below +4.30) | Pullback: Low 57564.80 <= EMA10 57590.33 < Close 57598.80 | Rejection: Lower wick + bullish candle + Close above EMA10 | Volume: Projected relative volume 1.02 in Normal band (1890 in 150s -> projected 3787) | Open Interest: OI 2095470 -> 2094930 (-0.03%) | Poc: Close 57598.80 above POC 57517.50 | Vah: Close 57598.80 below VAH 57630.00 | Val: Close 57598.80 above VAL 57425.00 | Vwap Pullback: No pullback to VWAP 57516.33 | Vwap Rejection: Close 57598.80 held 100% of range above VWAP 57516.33",b3620733
f5eb728b-c74c-4f0c-b365-97b90f6152e6,2026-08-12T09:21:03.677581,Trading,Long,B,65,ema,57599.0,"Trend: Close 57599.00 above VWAP 57535.22, slope +7.09 (entered, exits below +4.30) | Pullback: Low 57550.00 <= EMA10 57579.63 < Close 57599.00 | Rejection: Lower wick + bullish candle + Close above EMA10 | Volume: Projected relative volume 1.23 in Normal band (1050 in 64s -> projected 4947) | Open Interest: OI 2068530 -> 2068920 (+0.02%) | Poc: Close 57599.00 above POC 57462.50 | Vah: Close 57599.00 above VAH 57565.00 | Val: Close 57599.00 above VAL 57460.00 | Vwap Pullback: No pullback to VWAP 57535.22 | Vwap Rejection: Close 57599.00 held 100% of range above VWAP 57535.22",b3620733
9e8da61d-e86b-4775-b374-a8e00b0fc82b,2026-08-12T09:21:07.725510,Trading,Long,A,80,ema,57607.0,"Trend: Close 57607.00 above VWAP 57537.42, slope +10.36 (entered, exits below +4.30) | Pullback: Low 57550.00 <= EMA10 57581.08 < Close 57607.00 | Rejection: Lower wick + bullish candle + Close above EMA10 | Volume: Projected relative volume 1.62 >= 1.30 (1470 in 68s -> projected 6512) | Open Interest: OI 2068530 -> 2068920 (+0.02%) | Poc: Close 57607.00 above POC 57462.50 | Vah: Close 57607.00 above VAH 57565.00 | Val: Close 57607.00 above VAL 57460.00 | Vwap Pullback: No pullback to VWAP 57537.42 | Vwap Rejection: Close 57607.00 held 100% of range above VWAP 57537.42",b3620733
a83f6f39-e2b9-4dc6-8aa3-ab6a85023afa,2026-08-12T09:21:55.744323,Trading,Long,A+,95,ema,57578.2,"Trend: Close 57578.20 above VWAP 57548.55, slope -0.33 (holding, exits below -4.30) | Pullback: Low 57550.00 <= EMA10 57575.85 < Close 57578.20 | Rejection: Lower wick + bullish candle + Close above EMA10 | Volume: Projected relative volume 2.29 >= 1.25 (3540 in 116s -> projected 9175) | Open Interest: OI 2068530 -> 2069790 (+0.06%) | Poc: Close 57578.20 above POC 57462.50 | Vah: Close 57578.20 above VAH 57565.00 | Val: Close 57578.20 above VAL 57460.00 | Vwap Pullback: Low 57550.00 within 10 of VWAP 57548.55 < Close 57578.20 | Vwap Rejection: No rejection at VWAP",b3620733
1f81b5a2-c7b5-4470-a1a0-d36df98d33f7,2026-08-12T09:49:16.314484,Trading,Short,A+,95,vwap,57782.8,"Trend: Close 57782.80 below VWAP 57784.22, slope -4.95 (entered, exits above -4.30) | Pullback: No pullback to EMA10 | Rejection: No rejection pattern | Volume: Projected relative volume 1.53 >= 1.25 (10650 in 256s -> projected 12465) | Open Interest: OI 2063880 -> 2065350 (+0.07%) | Poc: Close 57782.80 below POC 57827.50 | Vah: Close 57782.80 below VAH 57905.00 | Val: Close 57782.80 above VAL 57745.00 | Vwap Pullback: High 57850.20 within 10 of VWAP 57784.22 > Close 57782.80 | Vwap Rejection: Close 57782.80 held 100% of range below VWAP 57784.22",b3620733
690e2e57-515c-4181-ac2a-3aea4ba0b2be,2026-08-12T10:01:40.582698,Trading,Long,B,65,vwap,57808.0,"Trend: Close 57808.00 above VWAP 57787.08, slope +2.18 (holding, exits below -4.30) | Pullback: No pullback to EMA10 | Rejection: Lower wick + bullish candle + Close above EMA10 | Volume: Projected relative volume 0.99 in Normal band (3030 in 101s -> projected 9037) | Open Interest: OI 2069760 -> 2070450 (+0.03%) | Poc: Close 57808.00 below POC 57827.50 | Vah: Close 57808.00 below VAH 57895.00 | Val: Close 57808.00 above VAL 57775.00 | Vwap Pullback: Low 57790.00 within 10 of VWAP 57787.08 < Close 57808.00 | Vwap Rejection: Close 57808.00 held 90% of range above VWAP 57787.08",b3620733
07091c52-477c-48dc-9407-9b66328c921f,2026-08-12T10:04:00.635809,Trading,Short,B,65,vwap,57770.2,"Trend: Close 57770.20 below VWAP 57787.01, slope -4.22 (holding, exits above +4.30) | Pullback: No pullback to EMA10 | Rejection: No rejection pattern | Volume: Projected relative volume 0.86 in Normal band (6300 in 241s -> projected 7854) | Open Interest: OI 2069760 -> 2070510 (+0.04%) | Poc: Close 57770.20 below POC 57827.50 | Vah: Close 57770.20 below VAH 57895.00 | Val: Close 57770.20 below VAL 57775.00 | Vwap Pullback: High 57815.00 within 10 of VWAP 57787.01 > Close 57770.20 | Vwap Rejection: Close 57770.20 held 100% of range below VWAP 57787.01",b3620733
c8541f9b-9388-40b4-9928-8966fa3c9c08,2026-08-12T10:04:12.642370,Trading,Short,A,80,vwap,57770.2,"Trend: Close 57770.20 below VWAP 57786.98, slope -0.91 (holding, exits above +4.30) | Pullback: No pullback to EMA10 | Rejection: No rejection pattern | Volume: Projected relative volume 0.86 in Normal band (6600 in 253s -> projected 7837) | Open Interest: OI 2069760 -> 2071320 (+0.08%) | Poc: Close 57770.20 below POC 57827.50 | Vah: Close 57770.20 below VAH 57895.00 | Val: Close 57770.20 below VAL 57775.00 | Vwap Pullback: High 57815.00 within 10 of VWAP 57786.98 > Close 57770.20 | Vwap Rejection: Close 57770.20 held 100% of range below VWAP 57786.98",b3620733
3d02bd98-8ca1-48fb-accc-a5058ef15666,2026-08-12T10:32:55.223196,Trading,Long,A,80,ema,57890.0,"Trend: Close 57890.00 above VWAP 57797.80, slope +3.64 (holding, exits below -4.30) | Pullback: Low 57830.20 <= EMA10 57832.79 < Close 57890.00 | Rejection: Lower wick + bullish candle + Close above EMA10 | Volume: Projected relative volume 1.27 in Normal band (7260 in 175s -> projected 12430) | Open Interest: OI 2069640 -> 2071140 (+0.07%) | Poc: Close 57890.00 above POC 57832.50 | Vah: Close 57890.00 above VAH 57885.00 | Val: Close 57890.00 above VAL 57780.00 | Vwap Pullback: No pullback to VWAP 57797.80 | Vwap Rejection: Close 57890.00 held 100% of range above VWAP 57797.80",b3620733
dc6a13a1-c961-4fa0-9aad-a47e817aef3c,2026-08-12T10:32:57.228193,Trading,Long,A+,95,ema,57895.0,"Trend: Close 57895.00 above VWAP 57798.17, slope +3.89 (holding, exits below -4.30) | Pullback: Low 57830.20 <= EMA10 57833.70 < Close 57895.00 | Rejection: Lower wick + bullish candle + Close above EMA10 | Volume: Projected relative volume 1.38 >= 1.30 (7950 in 177s -> projected 13457) | Open Interest: OI 2069640 -> 2071140 (+0.07%) | Poc: Close 57895.00 above POC 57832.50 | Vah: Close 57895.00 above VAH 57885.00 | Val: Close 57895.00 above VAL 57780.00 | Vwap Pullback: No pullback to VWAP 57798.17 | Vwap Rejection: Close 57895.00 held 100% of range above VWAP 57798.17",b3620733
77a0c398-649c-4054-b6d8-ec82650bb7fa,2026-08-12T11:01:41.827675,Trading,Short,B,65,vwap,57770.8,"Trend: Close 57770.80 below VWAP 57816.39, slope -4.65 (entered, exits above -4.30) | Pullback: No pullback to EMA10 | Rejection: No rejection pattern | Volume: Projected relative volume 0.88 in Normal band (3150 in 102s -> projected 9281) | Open Interest: OI 2076750 -> 2077230 (+0.02%) | Poc: Close 57770.80 below POC 57832.50 | Vah: Close 57770.80 below VAH 57895.00 | Val: Close 57770.80 below VAL 57780.00 | Vwap Pullback: High 57825.80 within 10 of VWAP 57816.39 > Close 57770.80 | Vwap Rejection: Close 57770.80 held 100% of range below VWAP 57816.39",b3620733
a82a70d3-40b6-4142-a4fb-e023f23796d4,2026-08-12T11:02:41.852275,Trading,Short,A,80,vwap,57771.0,"Trend: Close 57771.00 below VWAP 57816.05, slope +0.04 (holding, exits above +4.30) | Pullback: No pullback to EMA10 | Rejection: No rejection pattern | Volume: Projected relative volume 0.86 in Normal band (4890 in 162s -> projected 9064) | Open Interest: OI 2076750 -> 2078040 (+0.06%) | Poc: Close 57771.00 below POC 57832.50 | Vah: Close 57771.00 below VAH 57895.00 | Val: Close 57771.00 below VAL 57780.00 | Vwap Pullback: High 57825.80 within 10 of VWAP 57816.05 > Close 57771.00 | Vwap Rejection: Close 57771.00 held 99% of range below VWAP 57816.05",b3620733
ef71b774-539f-4b5b-bc10-365198d8ca5e,2026-08-12T11:06:01.931682,Trading,Long,A,80,vwap,57820.0,"Trend: Close 57820.00 above VWAP 57815.60, slope +8.73 (entered, exits below +4.30) | Pullback: No pullback to EMA10 | Rejection: No rejection pattern | Volume: Projected relative volume 1.44 >= 1.25 (3060 in 62s -> projected 14823) | Open Interest: OI 2078520 -> 2078400 (-0.01%) | Poc: Close 57820.00 below POC 57832.50 | Vah: Close 57820.00 below VAH 57895.00 | Val: Close 57820.00 above VAL 57780.00 | Vwap Pullback: Low 57772.00 within 10 of VWAP 57815.60 < Close 57820.00 | Vwap Rejection: Close 57820.00 held 84% of range above VWAP 57815.60",b3620733
acbcda5f-45ff-4a08-abfb-80f4085ab6b8,2026-08-12T11:09:28.008598,Trading,Long,A+,95,vwap,57850.0,"Trend: Close 57850.00 above VWAP 57816.45, slope +5.45 (entered, exits below +4.30) | Pullback: Low 57772.00 <= EMA10 57834.69 < Close 57850.00 | Rejection: No rejection pattern | Volume: Projected relative volume 1.46 >= 1.25 (13350 in 268s -> projected 14944) | Open Interest: OI 2078520 -> 2082510 (+0.19%) | Poc: Close 57850.00 above POC 57832.50 | Vah: Close 57850.00 below VAH 57895.00 | Val: Close 57850.00 above VAL 57780.00 | Vwap Pullback: Low 57772.00 within 10 of VWAP 57816.45 < Close 57850.00 | Vwap Rejection: Close 57850.00 held 89% of range above VWAP 57816.45",b3620733
92ca55e0-521d-4764-9ee8-b5bafc7210ea,2026-08-12T11:12:04.065674,Trading,Short,A+,95,ema+vwap,57810.0,"Trend: Close 57810.00 below VWAP 57818.57, slope -11.64 (entered, exits above -4.30) | Pullback: High 57880.00 >= EMA10 57832.91 > Close 57810.00 | Rejection: Upper wick + bearish candle + Close below EMA10 | Volume: Projected relative volume 2.89 >= 1.25 (10830 in 124s -> projected 26188) | Open Interest: OI 2082510 -> 2087880 (+0.26%) | Poc: Close 57810.00 below POC 57832.50 | Vah: Close 57810.00 below VAH 57895.00 | Val: Close 57810.00 above VAL 57780.00 | Vwap Pullback: High 57880.00 within 10 of VWAP 57818.57 > Close 57810.00 | Vwap Rejection: Close 57810.00 held 100% of range below VWAP 57818.57",b3620733
96715e6e-fd41-47b3-af88-249be30afbbb,2026-08-12T11:22:44.292634,Trading,Long,B,65,ema+vwap,57824.4,"Trend: Close 57824.40 above VWAP 57816.88, slope +8.07 (entered, exits below +4.30) | Pullback: Low 57756.00 <= EMA10 57819.55 < Close 57824.40 | Rejection: Lower wick + bullish candle + Close above EMA10 | Volume: Projected relative volume 0.98 in Normal band (4530 in 164s -> projected 8272) | Open Interest: OI 2093550 -> 2094270 (+0.03%) | Poc: Close 57824.40 at POC 57832.50 | Vah: Close 57824.40 below VAH 57885.00 | Val: Close 57824.40 above VAL 57775.00 | Vwap Pullback: Low 57756.00 within 10 of VWAP 57816.88 < Close 57824.40 | Vwap Rejection: Close 57824.40 held 100% of range above VWAP 57816.88",b3620733
7ef70e5a-9d71-485b-a3fd-9795fc3405fa,2026-08-12T11:34:46.545798,Trading,Long,B,65,ema+vwap,57820.8,"Trend: Close 57820.80 above VWAP 57815.54, slope +7.42 (entered, exits below +4.30) | Pullback: Low 57728.00 <= EMA10 57811.33 < Close 57820.80 | Rejection: Lower wick + bullish candle + Close above EMA10 | Volume: Projected relative volume 1.13 in Normal band (8220 in 287s -> projected 8606) | Open Interest: OI 2093820 -> 2094720 (+0.04%) | Poc: Close 57820.80 below POC 57832.50 | Vah: Close 57820.80 below VAH 57885.00 | Val: Close 57820.80 above VAL 57775.00 | Vwap Pullback: Low 57728.00 within 10 of VWAP 57815.54 < Close 57820.80 | Vwap Rejection: Close 57820.80 held 100% of range above VWAP 57815.54",b3620733
4757f47b-5060-4be9-b512-f4369885913c,2026-08-12T11:34:50.548128,Trading,Long,A,80,ema+vwap,57825.8,"Trend: Close 57825.80 above VWAP 57815.60, slope +8.33 (entered, exits below +4.30) | Pullback: Low 57728.00 <= EMA10 57812.24 < Close 57825.80 | Rejection: Lower wick + bullish candle + Close above EMA10 | Volume: Projected relative volume 1.37 >= 1.30 (10140 in 291s -> projected 10470) | Open Interest: OI 2093820 -> 2094720 (+0.04%) | Poc: Close 57825.80 at POC 57832.50 | Vah: Close 57825.80 below VAH 57885.00 | Val: Close 57825.80 above VAL 57775.00 | Vwap Pullback: Low 57728.00 within 10 of VWAP 57815.60 < Close 57825.80 | Vwap Rejection: Close 57825.80 held 100% of range above VWAP 57815.60",b3620733
11413210-1260-4e31-83a2-69707316b2d3,2026-08-12T11:36:02.575745,Trading,Short,A+,95,ema+vwap,57800.0,"Trend: Close 57800.00 below VWAP 57815.72, slope -4.33 (entered, exits above -4.30) | Pullback: High 57823.80 >= EMA10 57809.87 > Close 57800.00 | Rejection: Upper wick + bearish candle + Close below EMA10 | Volume: Projected relative volume 2.28 >= 1.25 (3780 in 63s -> projected 18122) | Open Interest: OI 2094720 -> 2101830 (+0.34%) | Poc: Close 57800.00 below POC 57832.50 | Vah: Close 57800.00 below VAH 57885.00 | Val: Close 57800.00 above VAL 57775.00 | Vwap Pullback: High 57823.80 within 10 of VWAP 57815.72 > Close 57800.00 | Vwap Rejection: Close 57800.00 held 100% of range below VWAP 57815.72",b3620733
2ee2918c-a59d-4d5d-9df0-8562b2733797,2026-08-12T11:46:54.806383,Trading,Short,A+,95,ema+vwap,57769.6,"Trend: Close 57769.60 below VWAP 57812.15, slope -5.53 (entered, exits above -4.30) | Pullback: High 57806.00 >= EMA10 57789.16 > Close 57769.60 | Rejection: Upper wick + bearish candle + Close below EMA10 | Volume: Projected relative volume 1.34 >= 1.25 (4140 in 115s -> projected 10818) | Open Interest: OI 2109930 -> 2111850 (+0.09%) | Poc: Close 57769.60 below POC 57812.50 | Vah: Close 57769.60 below VAH 57885.00 | Val: Close 57769.60 below VAL 57770.00 | Vwap Pullback: High 57806.00 within 10 of VWAP 57812.15 > Close 57769.60 | Vwap Rejection: Close 57769.60 held 100% of range below VWAP 57812.15",b3620733
f282d078-3875-460d-aae9-d99a287aca48,2026-08-12T12:43:07.991046,Trading,Short,B,65,vwap,57770.0,"Trend: Close 57770.00 below VWAP 57805.54, slope -4.55 (entered, exits above -4.30) | Pullback: No pullback to EMA10 | Rejection: No rejection pattern | Volume: Projected relative volume 0.92 in Normal band (3480 in 188s -> projected 5554) | Open Interest: OI 2117160 -> 2117160 (+0.00%) | Poc: Close 57770.00 below POC 57812.50 | Vah: Close 57770.00 below VAH 57885.00 | Val: Close 57770.00 above VAL 57755.00 | Vwap Pullback: High 57797.00 within 10 of VWAP 57805.54 > Close 57770.00 | Vwap Rejection: Close 57770.00 held 100% of range below VWAP 57805.54",b3620733
d652cbec-f683-488c-bb27-bb9f20bd6e42,2026-08-12T12:43:52.025940,Trading,Short,A,80,ema+vwap,57750.0,"Trend: Close 57750.00 below VWAP 57805.45, slope -8.55 (entered, exits above -4.30) | Pullback: High 57797.00 >= EMA10 57763.84 > Close 57750.00 | Rejection: Upper wick + bearish candle + Close below EMA10 | Volume: Projected relative volume 0.88 in Normal band (4080 in 232s -> projected 5275) | Open Interest: OI 2117160 -> 2118270 (+0.05%) | Poc: Close 57750.00 below POC 57812.50 | Vah: Close 57750.00 below VAH 57885.00 | Val: Close 57750.00 below VAL 57755.00 | Vwap Pullback: High 57797.00 within 10 of VWAP 57805.45 > Close 57750.00 | Vwap Rejection: Close 57750.00 held 76% of range below VWAP 57805.45",b3620733
95980ff5-090a-4d4b-877b-c642b55e9f2e,2026-08-12T13:27:38.953013,Trading,Short,A+,95,ema,57738.4,"Trend: Close 57738.40 below VWAP 57803.37, slope -6.00 (entered, exits above -4.30) | Pullback: High 57788.40 >= EMA10 57755.44 > Close 57738.40 | Rejection: Upper wick + bearish candle + Close below EMA10 | Volume: Projected relative volume 1.67 >= 1.25 (2820 in 159s -> projected 5322) | Open Interest: OI 2132880 -> 2134110 (+0.06%) | Poc: Close 57738.40 below POC 57792.50 | Vah: Close 57738.40 below VAH 57875.00 | Val: Close 57738.40 below VAL 57750.00 | Vwap Pullback: No pullback to VWAP 57803.37 | Vwap Rejection: Close 57738.40 held 100% of range below VWAP 57803.37",b3620733
20e49234-cee7-45d5-babf-bdba528ded2e,2026-08-12T13:41:45.270332,Trading,Short,B,65,ema+vwap,57761.0,"Trend: Close 57761.00 below VWAP 57802.96, slope -5.09 (entered, exits above -4.30) | Pullback: High 57798.00 >= EMA10 57762.25 > Close 57761.00 | Rejection: Upper wick + bearish candle + Close below EMA10 | Volume: Projected relative volume 0.88 in Normal band (870 in 105s -> projected 2479) | Open Interest: OI 2135490 -> 2135580 (+0.00%) | Poc: Close 57761.00 below POC 57792.50 | Vah: Close 57761.00 below VAH 57875.00 | Val: Close 57761.00 above VAL 57750.00 | Vwap Pullback: High 57798.00 within 10 of VWAP 57802.96 > Close 57761.00 | Vwap Rejection: Close 57761.00 held 100% of range below VWAP 57802.96",b3620733
a2da69cf-c9d7-4e1a-8a8e-657f27568862,2026-08-12T14:11:53.901420,Trading,Short,B,65,ema,57716.0,"Trend: Close 57716.00 below VWAP 57801.52, slope -3.45 (holding, exits above +4.30) | Pullback: High 57743.20 >= EMA10 57737.88 > Close 57716.00 | Rejection: Upper wick + bearish candle + Close below EMA10 | Volume: Projected relative volume 1.10 in Normal band (960 in 114s -> projected 2529) | Open Interest: OI 2136570 -> 2136570 (+0.00%) | Poc: Close 57716.00 below POC 57792.50 | Vah: Close 57716.00 below VAH 57880.00 | Val: Close 57716.00 below VAL 57750.00 | Vwap Pullback: No pullback to VWAP 57801.52 | Vwap Rejection: Close 57716.00 held 100% of range below VWAP 57801.52",b3620733
08df94c7-4b8f-4ee5-a867-497b6b40060c,2026-08-13T09:15:01.000991,Error,,,,,,Could not start live market stream: Incorrect `api_key` or `access_token`.,b3620733
6457b7f7-2518-4eb1-9f48-2837e21e5e7e,2026-08-13T11:37:27.283288,Trading,Long,B,65,vwap,57845.0,"Trend: Close 57845.00 above VWAP 57842.92, slope +2.73 (holding, exits below -4.30) | Pullback: No pullback to EMA10 | Rejection: No rejection pattern | Volume: Projected relative volume 0.89 in Normal band (1110 in 147s -> projected 2261) | Open Interest: OI 2111910 -> 2111850 (-0.00%) | Poc: Close 57845.00 above POC 57812.50 | Vah: Close 57845.00 below VAH 57880.00 | Val: Close 57845.00 above VAL 57765.00 | Vwap Pullback: Low 57818.40 within 10 of VWAP 57842.92 < Close 57845.00 | Vwap Rejection: Close 57845.00 held 77% of range above VWAP 57842.92",b3620733
b46294ce-774d-4183-b39e-6d1dc6f72f29,2026-08-13T11:41:17.442046,Trading,Long,B,65,vwap,57850.0,"Trend: Close 57850.00 above VWAP 57842.94, slope +0.18 (holding, exits below -4.30) | Pullback: No pullback to EMA10 | Rejection: Lower wick + bullish candle + Close above EMA10 | Volume: Projected relative volume 0.99 in Normal band (630 in 77s -> projected 2441) | Open Interest: OI 2112600 -> 2112240 (-0.02%) | Poc: Close 57850.00 above POC 57812.50 | Vah: Close 57850.00 below VAH 57875.00 | Val: Close 57850.00 above VAL 57765.00 | Vwap Pullback: Low 57840.00 within 10 of VWAP 57842.94 < Close 57850.00 | Vwap Rejection: Close 57850.00 held 100% of range above VWAP 57842.94",b3620733
564ae210-df71-4c33-ac1f-c1eead8a11a2,2026-08-13T11:59:43.818590,Trading,Long,B,65,vwap,57855.0,"Trend: Close 57855.00 above VWAP 57843.04, slope +2.73 (holding, exits below -4.30) | Pullback: Low 57820.00 <= EMA10 57825.67 < Close 57855.00 | Rejection: No rejection pattern | Volume: Projected relative volume 1.08 in Normal band (2310 in 284s -> projected 2442) | Open Interest: OI 2109600 -> 2109660 (+0.00%) | Poc: Close 57855.00 above POC 57817.50 | Vah: Close 57855.00 below VAH 57875.00 | Val: Close 57855.00 above VAL 57765.00 | Vwap Pullback: Low 57820.00 within 10 of VWAP 57843.04 < Close 57855.00 | Vwap Rejection: Close 57855.00 held 71% of range above VWAP 57843.04",b3620733
83944b62-f846-44ed-8ce0-2449dbe6fc17,2026-08-13T12:00:31.858647,Trading,Long,A,80,vwap,57894.8,"Trend: Close 57894.80 above VWAP 57843.24, slope +14.80 (entered, exits below +4.30) | Pullback: No pullback to EMA10 | Rejection: Lower wick + bullish candle + Close above EMA10 | Volume: Projected relative volume 4.48 >= 1.30 (1110 in 32s -> projected 10453) | Open Interest: OI 2109540 -> 2109540 (+0.00%) | Poc: Close 57894.80 above POC 57817.50 | Vah: Close 57894.80 above VAH 57875.00 | Val: Close 57894.80 above VAL 57765.00 | Vwap Pullback: Low 57847.20 within 10 of VWAP 57843.24 < Close 57894.80 | Vwap Rejection: Close 57894.80 held 100% of range above VWAP 57843.24",b3620733
122df6e5-4abc-4c80-ad0f-c1f66bb94ae0,2026-08-13T12:17:16.210109,Trading,Short,B,65,ema+vwap,57840.0,"Trend: Close 57840.00 below VWAP 57850.33, slope -11.82 (entered, exits above -4.30) | Pullback: High 57905.00 >= EMA10 57858.19 > Close 57840.00 | Rejection: Upper wick + bearish candle + Close below EMA10 | Volume: Projected relative volume 1.21 in Normal band (1440 in 136s -> projected 3172) | Open Interest: OI 2113530 -> 2114160 (+0.03%) | Poc: Close 57840.00 above POC 57817.50 | Vah: Close 57840.00 below VAH 57885.00 | Val: Close 57840.00 above VAL 57765.00 | Vwap Pullback: High 57905.00 within 10 of VWAP 57850.33 > Close 57840.00 | Vwap Rejection: Close 57840.00 held 100% of range below VWAP 57850.33",b3620733
a8a9af8c-905e-478e-b87b-910953b1aaa4,2026-08-13T12:18:28.239558,Trading,Short,A,80,ema+vwap,57805.0,"Trend: Close 57805.00 below VWAP 57850.07, slope -6.36 (entered, exits above -4.30) | Pullback: High 57905.00 >= EMA10 57851.82 > Close 57805.00 | Rejection: Upper wick + bearish candle + Close below EMA10 | Volume: Projected relative volume 1.51 >= 1.30 (2760 in 208s -> projected 3976) | Open Interest: OI 2113530 -> 2114490 (+0.05%) | Poc: Close 57805.00 below POC 57817.50 | Vah: Close 57805.00 below VAH 57885.00 | Val: Close 57805.00 above VAL 57765.00 | Vwap Pullback: High 57905.00 within 10 of VWAP 57850.07 > Close 57805.00 | Vwap Rejection: Close 57805.00 held 100% of range below VWAP 57850.07",b3620733
ab6b5d79-8602-47bd-a04f-e0dae18f0848,2026-08-13T12:51:14.907211,Trading,Short,B,65,ema+vwap,57830.0,"Trend: Close 57830.00 below VWAP 57850.31, slope -4.55 (entered, exits above -4.30) | Pullback: High 57866.00 >= EMA10 57855.96 > Close 57830.00 | Rejection: Upper wick + bearish candle + Close below EMA10 | Volume: Projected relative volume 1.12 in Normal band (570 in 75s -> projected 2283) | Open Interest: OI 2116140 -> 2116140 (+0.00%) | Poc: Close 57830.00 above POC 57817.50 | Vah: Close 57830.00 below VAH 57885.00 | Val: Close 57830.00 above VAL 57765.00 | Vwap Pullback: High 57866.00 within 10 of VWAP 57850.31 > Close 57830.00 | Vwap Rejection: Close 57830.00 held 100% of range below VWAP 57850.31",b3620733
bb2c836e-4280-4e4e-b749-359bf8224e22,2026-08-13T13:30:31.719545,Trading,Short,A,80,ema,57810.0,"Trend: Close 57810.00 below VWAP 57849.51, slope -5.12 (entered, exits above -4.30) | Pullback: High 57837.80 >= EMA10 57833.03 > Close 57810.00 | Rejection: Upper wick + bearish candle + Close below EMA10 | Volume: Projected relative volume 3.73 >= 1.30 (720 in 32s -> projected 6810) | Open Interest: OI 2117130 -> 2117160 (+0.00%) | Poc: Close 57810.00 at POC 57817.50 | Vah: Close 57810.00 below VAH 57885.00 | Val: Close 57810.00 above VAL 57765.00 | Vwap Pullback: No pullback to VWAP 57849.51 | Vwap Rejection: Close 57810.00 held 100% of range below VWAP 57849.51",b3620733
e1efad9d-19b8-4307-82d4-a1b411986284,2026-08-13T13:32:15.781523,Trading,Long,A,80,ema+vwap,57849.8,"Trend: Close 57849.80 above VWAP 57849.28, slope +7.85 (entered, exits below +4.30) | Pullback: Low 57806.00 <= EMA10 57840.27 < Close 57849.80 | Rejection: Lower wick + bullish candle + Close above EMA10 | Volume: Projected relative volume 2.54 >= 1.25 (2100 in 136s -> projected 4640) | Open Interest: OI 2117130 -> 2117100 (-0.00%) | Poc: Close 57849.80 above POC 57817.50 | Vah: Close 57849.80 below VAH 57885.00 | Val: Close 57849.80 above VAL 57765.00 | Vwap Pullback: Low 57806.00 within 10 of VWAP 57849.28 < Close 57849.80 | Vwap Rejection: Close 57849.80 held 100% of range above VWAP 57849.28",b3620733
fccd8272-b9eb-40fa-9e06-588b7a03c278,2026-08-13T13:42:03.987835,Trading,Short,B,65,vwap,57846.4,"Trend: Close 57846.40 below VWAP 57849.30, slope -1.56 (holding, exits above +4.30) | Pullback: Low 57842.40 <= EMA10 57843.03 < Close 57846.40 | Rejection: No rejection pattern | Volume: Projected relative volume 0.89 in Normal band (690 in 124s -> projected 1670) | Open Interest: OI 2116290 -> 2116200 (-0.00%) | Poc: Close 57846.40 above POC 57817.50 | Vah: Close 57846.40 below VAH 57885.00 | Val: Close 57846.40 above VAL 57770.00 | Vwap Pullback: High 57871.80 within 10 of VWAP 57849.30 > Close 57846.40 | Vwap Rejection: Close 57846.40 held 86% of range below VWAP 57849.30",b3620733
c7aa5438-eea4-4132-a6c9-f187576283b9,2026-08-13T13:43:38.023473,Trading,Long,B,65,ema+vwap,57869.4,"Trend: Close 57869.40 above VWAP 57849.35, slope +4.00 (holding, exits below -4.30) | Pullback: Low 57842.40 <= EMA10 57847.21 < Close 57869.40 | Rejection: Lower wick + bullish candle + Close above EMA10 | Volume: Projected relative volume 0.95 in Normal band (1290 in 218s -> projected 1775) | Open Interest: OI 2116290 -> 2116560 (+0.01%) | Poc: Close 57869.40 above POC 57817.50 | Vah: Close 57869.40 below VAH 57885.00 | Val: Close 57869.40 above VAL 57770.00 | Vwap Pullback: Low 57842.40 within 10 of VWAP 57849.35 < Close 57869.40 | Vwap Rejection: Close 57869.40 held 83% of range above VWAP 57849.35",b3620733
9f053917-229d-4580-840a-7b695e80b96f,2026-08-13T15:05:41.733910,Trading,Short,A,80,vwap,57851.0,"Trend: Close 57851.00 below VWAP 57853.81, slope -5.16 (entered, exits above -4.30) | Pullback: No pullback to EMA10 | Rejection: No rejection pattern | Volume: Projected relative volume 1.82 >= 1.30 (450 in 42s -> projected 3235) | Open Interest: OI 2112660 -> 2112660 (+0.00%) | Poc: Close 57851.00 above POC 57817.50 | Vah: Close 57851.00 below VAH 57900.00 | Val: Close 57851.00 above VAL 57790.00 | Vwap Pullback: High 57863.60 within 10 of VWAP 57853.81 > Close 57851.00 | Vwap Rejection: Close 57851.00 held 100% of range below VWAP 57853.81",b3620733
d89fa539-bf72-40bc-8e82-348661c21e0b,2026-08-13T15:20:32.059982,Trading,Short,A,80,ema+vwap,57850.0,"Trend: Close 57850.00 below VWAP 57854.09, slope -5.90 (entered, exits above -4.30) | Pullback: High 57869.00 >= EMA10 57864.27 > Close 57850.00 | Rejection: Upper wick + bearish candle + Close below EMA10 | Volume: Projected relative volume 2.78 >= 1.25 (570 in 32s -> projected 5334) | Open Interest: OI 2110290 -> 2110290 (+0.00%) | Poc: Close 57850.00 below POC 57872.50 | Vah: Close 57850.00 below VAH 57900.00 | Val: Close 57850.00 above VAL 57790.00 | Vwap Pullback: High 57869.00 within 10 of VWAP 57854.09 > Close 57850.00 | Vwap Rejection: Close 57850.00 held 100% of range below VWAP 57854.09",b3620733
54fb5e7d-4060-4c4f-94aa-e3442f7532ae,2026-08-14T09:21:18.571914,Trading,Short,A+,95,vwap,57705.0,"Trend: Close 57705.00 below VWAP 57762.91, slope -6.36 (entered, exits above -4.30) | Pullback: No pullback to EMA10 | Rejection: No rejection pattern | Volume: Projected relative volume 5.42 >= 1.25 (4200 in 79s -> projected 16036) | Open Interest: OI 2104650 -> 2106420 (+0.08%) | Poc: Close 57705.00 below POC 57722.50 | Vah: Close 57705.00 below VAH 57815.00 | Val: Close 57705.00 below VAL 57720.00 | Vwap Pullback: High 57753.60 within 10 of VWAP 57762.91 > Close 57705.00 | Vwap Rejection: Close 57705.00 held 100% of range below VWAP 57762.91",b3620733
a97509b9-6e99-4e7c-a2f2-c44a59adfe32,2026-08-14T09:28:50.819696,Trading,Short,A+,95,vwap,57725.0,"Trend: Close 57725.00 below VWAP 57751.89, slope -4.55 (entered, exits above -4.30) | Pullback: No pullback to EMA10 | Rejection: Upper wick + bearish candle + Close below EMA10 | Volume: Projected relative volume 1.56 >= 1.25 (4020 in 231s -> projected 5225) | Open Interest: OI 2108730 -> 2110680 (+0.09%) | Poc: Close 57725.00 at POC 57722.50 | Vah: Close 57725.00 below VAH 57795.00 | Val: Close 57725.00 above VAL 57705.00 | Vwap Pullback: High 57750.00 within 10 of VWAP 57751.89 > Close 57725.00 | Vwap Rejection: Close 57725.00 held 67% of range below VWAP 57751.89",b3620733
5da4794a-a8de-44be-b4fd-5036c4974724,2026-08-14T09:33:20.914030,Trading,Long,A+,95,vwap,57730.2,"Trend: Close 57730.20 above VWAP 57728.11, slope +6.62 (entered, exits below +4.30) | Pullback: No pullback to EMA10 | Rejection: No rejection pattern | Volume: Projected relative volume 7.13 >= 1.25 (17220 in 201s -> projected 25713) | Open Interest: OI 2111040 -> 2114760 (+0.18%) | Poc: Close 57730.20 at POC 57722.50 | Vah: Close 57730.20 below VAH 57780.00 | Val: Close 57730.20 above VAL 57705.00 | Vwap Pullback: Low 57654.80 within 10 of VWAP 57728.11 < Close 57730.20 | Vwap Rejection: Close 57730.20 held 100% of range above VWAP 57728.11",b3620733
c51ff1d4-073b-480d-ad2e-c39277a7e1c1,2026-08-14T09:36:22.975747,Trading,Long,B,65,vwap,57748.0,"Trend: Close 57748.00 above VWAP 57727.63, slope +6.18 (entered, exits below +4.30) | Pullback: No pullback to EMA10 | Rejection: No rejection pattern | Volume: Projected relative volume 0.96 in Normal band (1200 in 83s -> projected 4339) | Open Interest: OI 2114040 -> 2114160 (+0.01%) | Poc: Close 57748.00 above POC 57722.50 | Vah: Close 57748.00 below VAH 57760.00 | Val: Close 57748.00 above VAL 57665.00 | Vwap Pullback: Low 57714.00 within 10 of VWAP 57727.63 < Close 57748.00 | Vwap Rejection: Close 57748.00 held 99% of range above VWAP 57727.63",b3620733
2ac2568f-0b1b-49eb-ad32-8938c98bcb54,2026-08-14T09:46:19.184507,Trading,Long,B,65,ema,57785.0,"Trend: Close 57785.00 above VWAP 57731.90, slope +4.91 (entered, exits below +4.30) | Pullback: Low 57744.20 <= EMA10 57776.12 < Close 57785.00 | Rejection: Lower wick + bullish candle + Close above EMA10 | Volume: Projected relative volume 0.96 in Normal band (1230 in 79s -> projected 4660) | Open Interest: OI 2115510 -> 2115270 (-0.01%) | Poc: Close 57785.00 above POC 57737.50 | Vah: Close 57785.00 above VAH 57780.00 | Val: Close 57785.00 above VAL 57690.00 | Vwap Pullback: No pullback to VWAP 57731.90 | Vwap Rejection: Close 57785.00 held 100% of range above VWAP 57731.90",b3620733
f7e92e0a-55d1-4b58-98b2-d8551c63419d,2026-08-14T09:48:03.233835,Trading,Long,A,80,ema+vwap,57799.0,"Trend: Close 57799.00 above VWAP 57734.39, slope +0.73 (holding, exits below -4.30) | Pullback: Low 57744.20 <= EMA10 57778.66 < Close 57799.00 | Rejection: Lower wick + bullish candle + Close above EMA10 | Volume: Projected relative volume 1.31 >= 1.30 (3870 in 183s -> projected 6336) | Open Interest: OI 2115510 -> 2115150 (-0.02%) | Poc: Close 57799.00 above POC 57737.50 | Vah: Close 57799.00 above VAH 57780.00 | Val: Close 57799.00 above VAL 57690.00 | Vwap Pullback: Low 57744.20 within 10 of VWAP 57734.39 < Close 57799.00 | Vwap Rejection: Close 57799.00 held 98% of range above VWAP 57734.39",b3620733
6225caa8-b749-4ad2-867c-fa1b86e9f021,2026-08-14T09:56:21.414948,Trading,Long,A,80,vwap,57770.0,"Trend: Close 57770.00 above VWAP 57750.01, slope +5.09 (entered, exits below +4.30) | Pullback: No pullback to EMA10 | Rejection: No rejection pattern | Volume: Projected relative volume 1.41 >= 1.25 (2190 in 81s -> projected 8070) | Open Interest: OI 2121780 -> 2122470 (+0.03%) | Poc: Close 57770.00 above POC 57742.50 | Vah: Close 57770.00 below VAH 57805.00 | Val: Close 57770.00 above VAL 57705.00 | Vwap Pullback: Low 57742.00 within 10 of VWAP 57750.01 < Close 57770.00 | Vwap Rejection: Close 57770.00 held 100% of range above VWAP 57750.01",b3620733
e01bfaa5-f392-47c3-ae77-dbc9b82b836e,2026-08-14T09:57:49.446621,Trading,Short,B,65,ema+vwap,57744.6,"Trend: Close 57744.60 below VWAP 57750.05, slope -4.62 (entered, exits above -4.30) | Pullback: High 57775.00 >= EMA10 57772.99 > Close 57744.60 | Rejection: Upper wick + bearish candle + Close below EMA10 | Volume: Projected relative volume 0.90 in Normal band (2910 in 169s -> projected 5152) | Open Interest: OI 2121780 -> 2122530 (+0.04%) | Poc: Close 57744.60 at POC 57742.50 | Vah: Close 57744.60 below VAH 57805.00 | Val: Close 57744.60 above VAL 57705.00 | Vwap Pullback: High 57775.00 within 10 of VWAP 57750.05 > Close 57744.60 | Vwap Rejection: Close 57744.60 held 92% of range below VWAP 57750.05",b3620733
5204e302-1290-4061-b3fb-fdf53987c958,2026-08-14T10:30:42.108523,Trading,Short,A,80,vwap,57735.0,"Trend: Close 57735.00 below VWAP 57764.88, slope -5.70 (entered, exits above -4.30) | Pullback: No pullback to EMA10 | Rejection: No rejection pattern | Volume: Projected relative volume 2.06 >= 1.30 (1770 in 42s -> projected 12611) | Open Interest: OI 2129670 -> 2129850 (+0.01%) | Poc: Close 57735.00 at POC 57742.50 | Vah: Close 57735.00 below VAH 57825.00 | Val: Close 57735.00 above VAL 57710.00 | Vwap Pullback: High 57764.80 within 10 of VWAP 57764.88 > Close 57735.00 | Vwap Rejection: Close 57735.00 held 100% of range below VWAP 57764.88",b3620733
8eb0d43e-91ef-4dbc-859f-ff36fa07dcf7,2026-08-14T10:31:40.151733,Trading,Short,A+,95,vwap,57707.2,"Trend: Close 57707.20 below VWAP 57762.45, slope -5.60 (entered, exits above -4.30) | Pullback: No pullback to EMA10 | Rejection: No rejection pattern | Volume: Projected relative volume 5.71 >= 1.25 (11670 in 100s -> projected 34957) | Open Interest: OI 2129670 -> 2132130 (+0.12%) | Poc: Close 57707.20 below POC 57742.50 | Vah: Close 57707.20 below VAH 57825.00 | Val: Close 57707.20 below VAL 57710.00 | Vwap Pullback: High 57764.80 within 10 of VWAP 57762.45 > Close 57707.20 | Vwap Rejection: Close 57707.20 held 96% of range below VWAP 57762.45",b3620733
03d42063-69cd-47b1-a5a4-2b50952238d5,2026-08-14T11:24:13.261542,Trading,Short,A+,95,ema,57659.2,"Trend: Close 57659.20 below VWAP 57741.53, slope -2.69 (holding, exits above +4.30) | Pullback: High 57705.20 >= EMA10 57694.07 > Close 57659.20 | Rejection: Upper wick + bearish candle + Close below EMA10 | Volume: Projected relative volume 1.43 >= 1.30 (6180 in 253s -> projected 7321) | Open Interest: OI 2139000 -> 2140710 (+0.08%) | Poc: Close 57659.20 below POC 57742.50 | Vah: Close 57659.20 below VAH 57825.00 | Val: Close 57659.20 below VAL 57695.00 | Vwap Pullback: No pullback to VWAP 57741.53 | Vwap Rejection: Close 57659.20 held 100% of range below VWAP 57741.53",b3620733
7b6102c5-3322-4350-9993-905dc3bc6cd7,2026-08-14T13:28:13.745555,Trading,Short,B,65,ema,57625.4,"Trend: Close 57625.40 below VWAP 57690.67, slope +0.58 (holding, exits above +4.30) | Pullback: High 57635.00 >= EMA10 57628.86 > Close 57625.40 | Rejection: Upper wick + bearish candle + Close below EMA10 | Volume: Projected relative volume 0.87 in Normal band (1440 in 194s -> projected 2230) | Open Interest: OI 2135100 -> 2134320 (-0.04%) | Poc: Close 57625.40 at POC 57627.50 | Vah: Close 57625.40 below VAH 57745.00 | Val: Close 57625.40 above VAL 57570.00 | Vwap Pullback: No pullback to VWAP 57690.67 | Vwap Rejection: Close 57625.40 held 51% of range below VWAP 57690.67",b3620733
0f338c6f-36bd-4151-9865-550f73be37e1,2026-08-14T15:11:05.952058,Trading,Long,A,80,ema+vwap,57736.8,"Trend: Close 57736.80 above VWAP 57699.67, slope +4.84 (entered, exits below +4.30) | Pullback: Low 57708.00 <= EMA10 57736.42 < Close 57736.80 | Rejection: Lower wick + bullish candle + Close above EMA10 | Volume: Projected relative volume 2.88 >= 1.25 (2580 in 66s -> projected 11736) | Open Interest: OI 2111550 -> 2111640 (+0.00%) | Poc: Close 57736.80 above POC 57627.50 | Vah: Close 57736.80 below VAH 57755.00 | Val: Close 57736.80 above VAL 57580.00 | Vwap Pullback: Low 57708.00 within 10 of VWAP 57699.67 < Close 57736.80 | Vwap Rejection: Close 57736.80 held 100% of range above VWAP 57699.67",b3620733
59a9a56a-d98c-4bd4-9ef0-10d0b2ac5797,2026-08-17T09:20:30.548559,Trading,Short,A,80,vwap,57379.6,"Trend: Close 57379.60 below VWAP 57416.00, slope -46.74 (entered, exits above -4.30) | Pullback: No pullback to EMA10 | Rejection: Upper wick + bearish candle + Close below EMA10 | Volume: Projected relative volume 3.63 >= 1.30 (1860 in 31s -> projected 18266) | Open Interest: OI 2107710 -> 2108640 (+0.04%) | Poc: Close 57379.60 above POC 57322.50 | Vah: Close 57379.60 below VAH 57520.00 | Val: Close 57379.60 above VAL 57320.00 | Vwap Pullback: High 57419.00 within 10 of VWAP 57416.00 > Close 57379.60 | Vwap Rejection: Close 57379.60 held 78% of range below VWAP 57416.00",c6635eac
339eb030-7d5c-4957-a867-4598dba6cf52,2026-08-17T09:21:18.592598,Trading,Long,A+,95,vwap,57422.2,"Trend: Close 57422.20 above VWAP 57415.56, slope +9.13 (entered, exits below +4.30) | Pullback: No pullback to EMA10 | Rejection: No rejection pattern | Volume: Projected relative volume 2.41 >= 1.25 (3180 in 79s -> projected 12139) | Open Interest: OI 2107710 -> 2109870 (+0.10%) | Poc: Close 57422.20 above POC 57322.50 | Vah: Close 57422.20 below VAH 57520.00 | Val: Close 57422.20 above VAL 57320.00 | Vwap Pullback: Low 57368.60 within 10 of VWAP 57415.56 < Close 57422.20 | Vwap Rejection: Close 57422.20 held 85% of range above VWAP 57415.56",c6635eac
916e0525-287f-4904-8713-147b986001e5,2026-08-17T09:21:42.603124,Trading,Short,A+,95,vwap,57400.0,"Trend: Close 57400.00 below VWAP 57414.70, slope -5.75 (entered, exits above -4.30) | Pullback: No pullback to EMA10 | Rejection: Upper wick + bearish candle + Close below EMA10 | Volume: Projected relative volume 2.72 >= 1.25 (4680 in 103s -> projected 13684) | Open Interest: OI 2107710 -> 2109870 (+0.10%) | Poc: Close 57400.00 above POC 57322.50 | Vah: Close 57400.00 below VAH 57520.00 | Val: Close 57400.00 above VAL 57320.00 | Vwap Pullback: High 57431.60 within 10 of VWAP 57414.70 > Close 57400.00 | Vwap Rejection: Close 57400.00 held 50% of range below VWAP 57414.70",c6635eac
14cb63a2-b7f4-43cf-a8f9-d825ce47c81a,2026-08-17T09:26:06.692824,Trading,Long,A,80,vwap,57445.0,"Trend: Close 57445.00 above VWAP 57410.65, slope +5.45 (entered, exits below +4.30) | Pullback: No pullback to EMA10 | Rejection: No rejection pattern | Volume: Projected relative volume 1.15 in Normal band (1530 in 67s -> projected 6882) | Open Interest: OI 2122170 -> 2124660 (+0.12%) | Poc: Close 57445.00 above POC 57352.50 | Vah: Close 57445.00 below VAH 57505.00 | Val: Close 57445.00 above VAL 57350.00 | Vwap Pullback: Low 57415.00 within 10 of VWAP 57410.65 < Close 57445.00 | Vwap Rejection: Close 57445.00 held 91% of range above VWAP 57410.65",c6635eac
e0fb326c-ffe1-4283-9c29-fca3c4ed743e,2026-08-17T09:26:54.742748,Trading,Long,A+,95,vwap,57433.6,"Trend: Close 57433.60 above VWAP 57411.54, slope -2.62 (holding, exits below -4.30) | Pullback: No pullback to EMA10 | Rejection: No rejection pattern | Volume: Projected relative volume 1.96 >= 1.25 (4470 in 115s -> projected 11687) | Open Interest: OI 2122170 -> 2124300 (+0.10%) | Poc: Close 57433.60 above POC 57352.50 | Vah: Close 57433.60 below VAH 57505.00 | Val: Close 57433.60 above VAL 57350.00 | Vwap Pullback: Low 57415.00 within 10 of VWAP 57411.54 < Close 57433.60 | Vwap Rejection: Close 57433.60 held 56% of range above VWAP 57411.54",c6635eac
18e7570f-ff14-4ba9-96e2-2171bfbed3eb,2026-08-17T09:27:58.765450,Trading,Short,A+,95,vwap,57400.0,"Trend: Close 57400.00 below VWAP 57411.73, slope -5.38 (entered, exits above -4.30) | Pullback: No pullback to EMA10 | Rejection: Upper wick + bearish candle + Close below EMA10 | Volume: Projected relative volume 1.67 >= 1.25 (5940 in 179s -> projected 9968) | Open Interest: OI 2122170 -> 2126460 (+0.20%) | Poc: Close 57400.00 above POC 57352.50 | Vah: Close 57400.00 below VAH 57505.00 | Val: Close 57400.00 above VAL 57350.00 | Vwap Pullback: High 57448.00 within 10 of VWAP 57411.73 > Close 57400.00 | Vwap Rejection: Close 57400.00 held 100% of range below VWAP 57411.73",c6635eac
60f90e3a-311f-4cb6-9bdc-a38834024388,2026-08-17T09:30:50.823654,Trading,Short,A,80,vwap,57375.2,"Trend: Close 57375.20 below VWAP 57409.33, slope -34.78 (entered, exits above -4.30) | Pullback: No pullback to EMA10 | Rejection: Upper wick + bearish candle + Close below EMA10 | Volume: Projected relative volume 2.01 >= 1.25 (2160 in 51s -> projected 12750) | Open Interest: OI 2127120 -> 2128050 (+0.04%) | Poc: Close 57375.20 above POC 57362.50 | Vah: Close 57375.20 below VAH 57485.00 | Val: Close 57375.20 above VAL 57350.00 | Vwap Pullback: High 57400.80 within 10 of VWAP 57409.33 > Close 57375.20 | Vwap Rejection: Close 57375.20 held 66% of range below VWAP 57409.33",c6635eac
93926f74-0269-4473-96d0-df34a9247a4b,2026-08-17T09:32:50.869865,Trading,Short,A+,95,vwap,57370.0,"Trend: Close 57370.00 below VWAP 57408.13, slope -4.44 (entered, exits above -4.30) | Pullback: No pullback to EMA10 | Rejection: Upper wick + bearish candle + Close below EMA10 | Volume: Projected relative volume 1.52 >= 1.25 (5490 in 171s -> projected 9639) | Open Interest: OI 2127120 -> 2128740 (+0.08%) | Poc: Close 57370.00 at POC 57362.50 | Vah: Close 57370.00 below VAH 57485.00 | Val: Close 57370.00 above VAL 57350.00 | Vwap Pullback: High 57404.00 within 10 of VWAP 57408.13 > Close 57370.00 | Vwap Rejection: Close 57370.00 held 81% of range below VWAP 57408.13",c6635eac
fb23b328-e975-487d-95ff-65a219ef94f9,2026-08-17T09:41:51.056728,Trading,Long,A,80,vwap,57438.8,"Trend: Close 57438.80 above VWAP 57407.21, slope +6.00 (entered, exits below +4.30) | Pullback: No pullback to EMA10 | Rejection: No rejection pattern | Volume: Projected relative volume 1.32 >= 1.30 (3330 in 111s -> projected 8995) | Open Interest: OI 2130330 -> 2130840 (+0.02%) | Poc: Close 57438.80 above POC 57377.50 | Vah: Close 57438.80 below VAH 57455.00 | Val: Close 57438.80 above VAL 57350.00 | Vwap Pullback: Low 57390.80 within 10 of VWAP 57407.21 < Close 57438.80 | Vwap Rejection: Close 57438.80 held 81% of range above VWAP 57407.21",c6635eac
8d516070-96a0-4ed6-897b-77c3f02cb60e,2026-08-17T10:18:17.783701,Trading,Short,A,80,vwap,57345.0,"Trend: Close 57345.00 below VWAP 57406.85, slope -10.91 (entered, exits above -4.30) | Pullback: No pullback to EMA10 | Rejection: Upper wick + bearish candle + Close below EMA10 | Volume: Projected relative volume 3.20 >= 1.30 (15840 in 198s -> projected 24026) | Open Interest: OI 2132880 -> 2133060 (+0.01%) | Poc: Close 57345.00 below POC 57402.50 | Vah: Close 57345.00 below VAH 57450.00 | Val: Close 57345.00 below VAL 57350.00 | Vwap Pullback: High 57425.80 within 10 of VWAP 57406.85 > Close 57345.00 | Vwap Rejection: Close 57345.00 held 100% of range below VWAP 57406.85",c6635eac
1d0d97cf-95bb-42ef-b021-9ba4f17f4f07,2026-08-17T14:40:47.079260,Trading,Long,A,80,ema,57815.0,"Trend: Close 57815.00 above VWAP 57545.62, slope +0.43 (holding, exits below -4.30) | Pullback: Low 57800.00 <= EMA10 57810.94 < Close 57815.00 | Rejection: Lower wick + bullish candle + Close above EMA10 | Volume: Projected relative volume 6.47 >= 1.25 (6000 in 47s -> projected 38233) | Open Interest: OI 2084070 -> 2084070 (+0.00%) | Poc: Close 57815.00 above POC 57332.50 | Vah: Close 57815.00 above VAH 57680.00 | Val: Close 57815.00 above VAL 57275.00 | Vwap Pullback: No pullback to VWAP 57545.62 | Vwap Rejection: Close 57815.00 held 100% of range above VWAP 57545.62",c6635eac
b0b56dc8-0858-4edb-8cdf-fa1d91f645ae,2026-08-17T15:08:43.726315,Trading,Long,B,65,ema,57868.0,"Trend: Close 57868.00 above VWAP 57579.53, slope +3.67 (holding, exits below -4.30) | Pullback: Low 57840.00 <= EMA10 57841.35 < Close 57868.00 | Rejection: Lower wick + bullish candle + Close above EMA10 | Volume: Projected relative volume 0.89 in Normal band (3660 in 224s -> projected 4908) | Open Interest: OI 2062590 -> 2062890 (+0.01%) | Poc: Close 57868.00 above POC 57332.50 | Vah: Close 57868.00 above VAH 57810.00 | Val: Close 57868.00 above VAL 57275.00 | Vwap Pullback: No pullback to VWAP 57579.53 | Vwap Rejection: Close 57868.00 held 72% of range above VWAP 57579.53",c6635eac
ab1eb697-42d0-4391-a4d5-5ed09b1eb965,2026-08-17T15:27:16.307056,Trading,Long,A,80,ema,57869.0,"Trend: Close 57869.00 above VWAP 57594.32, slope +4.36 (entered, exits below +4.30) | Pullback: Low 57835.00 <= EMA10 57852.72 < Close 57869.00 | Rejection: Lower wick + bullish candle + Close above EMA10 | Volume: Projected relative volume 3.17 >= 1.25 (8760 in 136s -> projected 19280) | Open Interest: OI 2059530 -> 2060550 (+0.05%) | Poc: Close 57869.00 above POC 57852.50 | Vah: Close 57869.00 below VAH 57905.00 | Val: Close 57869.00 above VAL 57395.00 | Vwap Pullback: No pullback to VWAP 57594.32 | Vwap Rejection: Close 57869.00 held 100% of range above VWAP 57594.32",c6635eac
cfa780ef-8af1-41b4-9e67-8cbdb41f2d72,2026-08-17T15:28:10.328813,Trading,Long,A+,95,ema,57856.6,"Trend: Close 57856.60 above VWAP 57595.43, slope -1.64 (holding, exits below -4.30) | Pullback: Low 57834.20 <= EMA10 57850.47 < Close 57856.60 | Rejection: Lower wick + bullish candle + Close above EMA10 | Volume: Projected relative volume 2.89 >= 1.25 (11160 in 190s -> projected 17591) | Open Interest: OI 2059530 -> 2065860 (+0.31%) | Poc: Close 57856.60 at POC 57852.50 | Vah: Close 57856.60 below VAH 57905.00 | Val: Close 57856.60 above VAL 57395.00 | Vwap Pullback: No pullback to VWAP 57595.43 | Vwap Rejection: Close 57856.60 held 61% of range above VWAP 57595.43",c6635eac
0f08f0fd-2f00-4948-bf89-f9d69f0e4e1b,2026-08-18T09:15:01.374350,Startup,,,,,,Session started symbol=BANKNIFTY26AUGFUT seed_bars=36 expected_bars=36,fd8e6f05
366c2dd0-2d87-4b64-942b-d27285bc795f,2026-08-18T10:31:01.103352,Trading,Short,B,65,ema+vwap,57466.0,"Trend: Close 57466.00 below VWAP 57513.70, slope -4.36 (entered, exits above -4.30) | Pullback: High 57505.00 >= EMA10 57474.75 > Close 57466.00 | Rejection: Upper wick + bearish candle + Close below EMA10 | Volume: Projected relative volume 1.25 in Normal band (2370 in 61s -> projected 11636) | Open Interest: OI 2081790 -> 2082660 (+0.04%) | Poc: Close 57466.00 above POC 57442.50 | Vah: Close 57466.00 below VAH 57570.00 | Val: Close 57466.00 above VAL 57430.00 | Vwap Pullback: High 57505.00 within 10 of VWAP 57513.70 > Close 57466.00 | Vwap Rejection: Close 57466.00 held 100% of range below VWAP 57513.70",fd8e6f05
af05d591-2420-42ac-b490-364181da2623,2026-08-18T10:31:43.158028,Trading,Short,A,80,ema+vwap,57465.0,"Trend: Close 57465.00 below VWAP 57513.63, slope -2.00 (holding, exits above +4.30) | Pullback: High 57505.00 >= EMA10 57474.57 > Close 57465.00 | Rejection: Upper wick + bearish candle + Close below EMA10 | Volume: Projected relative volume 0.82 in Normal band (2640 in 103s -> projected 7678) | Open Interest: OI 2081790 -> 2082990 (+0.06%) | Poc: Close 57465.00 above POC 57442.50 | Vah: Close 57465.00 below VAH 57570.00 | Val: Close 57465.00 above VAL 57430.00 | Vwap Pullback: High 57505.00 within 10 of VWAP 57513.63 > Close 57465.00 | Vwap Rejection: Close 57465.00 held 100% of range below VWAP 57513.63",fd8e6f05
2c061979-4873-4797-94d2-473e6ad3a83b,2026-08-18T13:21:34.559646,Trading,Short,B,65,ema+vwap,57425.0,"Trend: Close 57425.00 below VWAP 57456.09, slope -6.51 (entered, exits above -4.30) | Pullback: High 57460.80 >= EMA10 57443.19 > Close 57425.00 | Rejection: Upper wick + bearish candle + Close below EMA10 | Volume: Projected relative volume 0.84 in Normal band (390 in 95s -> projected 1237) | Open Interest: OI 2076600 -> 2076840 (+0.01%) | Poc: Close 57425.00 below POC 57452.50 | Vah: Close 57425.00 below VAH 57490.00 | Val: Close 57425.00 above VAL 57345.00 | Vwap Pullback: High 57460.80 within 10 of VWAP 57456.09 > Close 57425.00 | Vwap Rejection: Close 57425.00 held 100% of range below VWAP 57456.09",fd8e6f05
6b820815-cd9d-4104-acda-a9018f453f0e,2026-08-18T13:57:49.316617,Trading,Short,B,65,ema,57400.0,"Trend: Close 57400.00 below VWAP 57453.92, slope -2.73 (holding, exits above +4.30) | Pullback: High 57426.40 >= EMA10 57423.88 > Close 57400.00 | Rejection: Upper wick + bearish candle + Close below EMA10 | Volume: Projected relative volume 0.86 in Normal band (660 in 169s -> projected 1169) | Open Interest: OI 2072190 -> 2072220 (+0.00%) | Poc: Close 57400.00 at POC 57402.50 | Vah: Close 57400.00 below VAH 57485.00 | Val: Close 57400.00 above VAL 57345.00 | Vwap Pullback: No pullback to VWAP 57453.92 | Vwap Rejection: Close 57400.00 held 100% of range below VWAP 57453.92",fd8e6f05
d89e62a2-30ac-4371-9297-f291a2c790a0,2026-08-18T14:08:09.545866,Trading,Short,A,80,vwap,57452.6,"Trend: Close 57452.60 below VWAP 57453.65, slope -4.58 (entered, exits above -4.30) | Pullback: No pullback to EMA10 | Rejection: No rejection pattern | Volume: Projected relative volume 1.48 >= 1.25 (1470 in 190s -> projected 2327) | Open Interest: OI 2075370 -> 2075400 (+0.00%) | Poc: Close 57452.60 above POC 57402.50 | Vah: Close 57452.60 below VAH 57485.00 | Val: Close 57452.60 above VAL 57345.00 | Vwap Pullback: High 57478.00 within 10 of VWAP 57453.65 > Close 57452.60 | Vwap Rejection: Close 57452.60 held 95% of range below VWAP 57453.65",fd8e6f05
ba0cc9e7-d515-4382-9747-a8f09f9366d1,2026-08-18T14:11:13.654273,Trading,Short,A,80,ema+vwap,57432.4,"Trend: Close 57432.40 below VWAP 57453.66, slope -4.65 (entered, exits above -4.30) | Pullback: High 57468.60 >= EMA10 57437.07 > Close 57432.40 | Rejection: Upper wick + bearish candle + Close below EMA10 | Volume: Projected relative volume 2.57 >= 1.25 (1020 in 74s -> projected 4155) | Open Interest: OI 2075130 -> 2075190 (+0.00%) | Poc: Close 57432.40 above POC 57402.50 | Vah: Close 57432.40 below VAH 57495.00 | Val: Close 57432.40 above VAL 57355.00 | Vwap Pullback: High 57468.60 within 10 of VWAP 57453.66 > Close 57432.40 | Vwap Rejection: Close 57432.40 held 100% of range below VWAP 57453.66",fd8e6f05
785b5d87-0c72-42a4-8305-014465735864,2026-08-18T14:11:43.667074,Trading,Long,A,80,ema+vwap,57470.0,"Trend: Close 57470.00 above VWAP 57453.62, slope +5.09 (entered, exits below +4.30) | Pullback: Low 57428.40 <= EMA10 57443.90 < Close 57470.00 | Rejection: Lower wick + bullish candle + Close above EMA10 | Volume: Projected relative volume 3.65 >= 1.25 (2040 in 104s -> projected 5904) | Open Interest: OI 2075130 -> 2075190 (+0.00%) | Poc: Close 57470.00 above POC 57402.50 | Vah: Close 57470.00 below VAH 57495.00 | Val: Close 57470.00 above VAL 57355.00 | Vwap Pullback: Low 57428.40 within 10 of VWAP 57453.62 < Close 57470.00 | Vwap Rejection: Close 57470.00 held 100% of range above VWAP 57453.62",fd8e6f05
aeffeb40-ae14-4afe-b78c-9f5808f09e78,2026-08-18T14:14:45.733550,Trading,Long,A+,95,ema+vwap,57460.0,"Trend: Close 57460.00 above VWAP 57453.63, slope +3.02 (holding, exits below -4.30) | Pullback: Low 57428.40 <= EMA10 57442.09 < Close 57460.00 | Rejection: Lower wick + bullish candle + Close above EMA10 | Volume: Projected relative volume 1.83 >= 1.25 (2820 in 286s -> projected 2961) | Open Interest: OI 2075130 -> 2076180 (+0.05%) | Poc: Close 57460.00 above POC 57402.50 | Vah: Close 57460.00 below VAH 57495.00 | Val: Close 57460.00 above VAL 57355.00 | Vwap Pullback: Low 57428.40 within 10 of VWAP 57453.63 < Close 57460.00 | Vwap Rejection: Close 57460.00 held 76% of range above VWAP 57453.63",fd8e6f05
e1addaca-4f38-4717-a45d-7ec0bda5972a,2026-08-18T14:17:21.790011,Trading,Long,A,80,ema+vwap,57470.0,"Trend: Close 57470.00 above VWAP 57453.69, slope +5.27 (entered, exits below +4.30) | Pullback: Low 57441.00 <= EMA10 57447.16 < Close 57470.00 | Rejection: Lower wick + bullish candle + Close above EMA10 | Volume: Projected relative volume 1.69 >= 1.25 (1380 in 142s -> projected 2920) | Open Interest: OI 2076180 -> 2076210 (+0.00%) | Poc: Close 57470.00 above POC 57402.50 | Vah: Close 57470.00 below VAH 57495.00 | Val: Close 57470.00 above VAL 57355.00 | Vwap Pullback: Low 57441.00 within 10 of VWAP 57453.69 < Close 57470.00 | Vwap Rejection: Close 57470.00 held 100% of range above VWAP 57453.69",fd8e6f05
3005ffa7-0680-41f9-8502-b57b6fb57bcf,2026-08-18T14:30:44.061954,Trading,Long,A,80,vwap,57505.0,"Trend: Close 57505.00 above VWAP 57454.53, slope +11.21 (entered, exits below +4.30) | Pullback: No pullback to EMA10 | Rejection: No rejection pattern | Volume: Projected relative volume 28.94 >= 1.25 (7350 in 44s -> projected 50043) | Open Interest: OI 2076960 -> 2076960 (+0.00%) | Poc: Close 57505.00 above POC 57402.50 | Vah: Close 57505.00 above VAH 57495.00 | Val: Close 57505.00 above VAL 57360.00 | Vwap Pullback: Low 57463.00 within 10 of VWAP 57454.53 < Close 57505.00 | Vwap Rejection: Close 57505.00 held 100% of range above VWAP 57454.53",fd8e6f05
d078cb1e-f283-446c-8903-1dbbb8e91548,2026-08-18T14:30:58.069531,Trading,Long,A+,95,vwap,57500.0,"Trend: Close 57500.00 above VWAP 57454.53, slope +9.61 (entered, exits below +4.30) | Pullback: No pullback to EMA10 | Rejection: No rejection pattern | Volume: Projected relative volume 21.96 >= 1.25 (7350 in 58s -> projected 37972) | Open Interest: OI 2076960 -> 2078130 (+0.06%) | Poc: Close 57500.00 above POC 57402.50 | Vah: Close 57500.00 above VAH 57495.00 | Val: Close 57500.00 above VAL 57360.00 | Vwap Pullback: Low 57463.00 within 10 of VWAP 57454.53 < Close 57500.00 | Vwap Rejection: Close 57500.00 held 88% of range above VWAP 57454.53",fd8e6f05
7de5bef0-e0e3-4ada-9390-504920b4f47c,2026-08-18T14:36:08.179203,Trading,Short,A+,95,vwap,57455.0,"Trend: Close 57455.00 below VWAP 57455.80, slope -4.73 (entered, exits above -4.30) | Pullback: Low 57452.00 <= EMA10 57454.95 < Close 57455.00 | Rejection: No rejection pattern | Volume: Projected relative volume 11.09 >= 1.25 (6450 in 68s -> projected 28381) | Open Interest: OI 2082480 -> 2085210 (+0.13%) | Poc: Close 57455.00 above POC 57402.50 | Vah: Close 57455.00 below VAH 57505.00 | Val: Close 57455.00 above VAL 57370.00 | Vwap Pullback: High 57490.00 within 10 of VWAP 57455.80 > Close 57455.00 | Vwap Rejection: Close 57455.00 held 92% of range below VWAP 57455.80",fd8e6f05
dd7a9c55-4058-44cb-98df-c46eb2967040,2026-08-18T14:57:10.613537,Trading,Long,B,65,vwap,57480.0,"Trend: Close 57480.00 above VWAP 57455.52, slope +5.09 (entered, exits below +4.30) | Pullback: Low 57446.00 <= EMA10 57454.29 < Close 57480.00 | Rejection: No rejection pattern | Volume: Projected relative volume 0.90 in Normal band (1290 in 131s -> projected 2963) | Open Interest: OI 2088420 -> 2088390 (-0.00%) | Poc: Close 57480.00 above POC 57442.50 | Vah: Close 57480.00 below VAH 57505.00 | Val: Close 57480.00 above VAL 57375.00 | Vwap Pullback: Low 57446.00 within 10 of VWAP 57455.52 < Close 57480.00 | Vwap Rejection: Close 57480.00 held 100% of range above VWAP 57455.52",fd8e6f05
17c37f18-4e5c-4900-81d3-2dece9f937cc,2026-08-18T15:06:54.872457,Trading,Long,B,65,vwap,57474.0,"Trend: Close 57474.00 above VWAP 57456.36, slope -0.04 (holding, exits below -4.30) | Pullback: No pullback to EMA10 | Rejection: Lower wick + bullish candle + Close above EMA10 | Volume: Projected relative volume 0.86 in Normal band (1260 in 115s -> projected 3291) | Open Interest: OI 2089200 -> 2089140 (-0.00%) | Poc: Close 57474.00 above POC 57452.50 | Vah: Close 57474.00 below VAH 57505.00 | Val: Close 57474.00 above VAL 57375.00 | Vwap Pullback: Low 57464.20 within 10 of VWAP 57456.36 < Close 57474.00 | Vwap Rejection: Close 57474.00 held 64% of range above VWAP 57456.36",fd8e6f05
5d80b7a0-8ebc-46e4-a304-17203526c080,2026-08-18T15:13:15.013756,Trading,Short,A,80,ema+vwap,57449.2,"Trend: Close 57449.20 below VWAP 57456.67, slope -4.51 (entered, exits above -4.30) | Pullback: High 57475.40 >= EMA10 57458.36 > Close 57449.20 | Rejection: Upper wick + bearish candle + Close below EMA10 | Volume: Projected relative volume 2.13 >= 1.25 (5340 in 195s -> projected 8215) | Open Interest: OI 2090010 -> 2089950 (-0.00%) | Poc: Close 57449.20 below POC 57462.50 | Vah: Close 57449.20 below VAH 57505.00 | Val: Close 57449.20 above VAL 57375.00 | Vwap Pullback: High 57475.40 within 10 of VWAP 57456.67 > Close 57449.20 | Vwap Rejection: Close 57449.20 held 98% of range below VWAP 57456.67",fd8e6f05
151b01ea-22b8-47d2-911f-f0904de91f57,2026-08-18T15:16:37.088207,Trading,Short,B,65,ema+vwap,57433.8,"Trend: Close 57433.80 below VWAP 57456.57, slope -1.35 (holding, exits above +4.30) | Pullback: High 57454.40 >= EMA10 57453.72 > Close 57433.80 | Rejection: Upper wick + bearish candle + Close below EMA10 | Volume: Projected relative volume 0.88 in Normal band (1260 in 97s -> projected 3893) | Open Interest: OI 2088690 -> 2088090 (-0.03%) | Poc: Close 57433.80 below POC 57462.50 | Vah: Close 57433.80 below VAH 57505.00 | Val: Close 57433.80 above VAL 57380.00 | Vwap Pullback: High 57454.40 within 10 of VWAP 57456.57 > Close 57433.80 | Vwap Rejection: Close 57433.80 held 100% of range below VWAP 57456.57",fd8e6f05
83959c52-3e76-43f5-9b8e-2c795d145a9a,2026-08-18T15:27:41.324548,Trading,Short,B,65,vwap,57421.0,"Trend: Close 57421.00 below VWAP 57456.05, slope +0.18 (holding, exits above +4.30) | Pullback: High 57448.00 >= EMA10 57447.06 > Close 57421.00 | Rejection: No rejection pattern | Volume: Projected relative volume 0.97 in Normal band (2310 in 161s -> projected 4296) | Open Interest: OI 2087250 -> 2086860 (-0.02%) | Poc: Close 57421.00 below POC 57462.50 | Vah: Close 57421.00 below VAH 57505.00 | Val: Close 57421.00 above VAL 57380.00 | Vwap Pullback: High 57448.00 within 10 of VWAP 57456.05 > Close 57421.00 | Vwap Rejection: Close 57421.00 held 96% of range below VWAP 57456.05",fd8e6f05
a7cc1a7c-dd07-4502-856b-5601f34984f8,2026-08-19T09:15:00.396931,Startup,,,,,,Session started symbol=BANKNIFTY26AUGFUT seed_bars=36 expected_bars=36,fd8e6f05
670ea193-b277-41a1-b85c-382582b51186,2026-08-19T09:21:06.704360,Trading,Short,A,80,vwap,57240.6,"Trend: Close 57240.60 below VWAP 57284.30, slope -6.84 (entered, exits above -4.30) | Pullback: No pullback to EMA10 | Rejection: Upper wick + bearish candle + Close below EMA10 | Volume: Projected relative volume 7.90 >= 1.25 (10470 in 67s -> projected 47088) | Open Interest: OI 2078520 -> 2078070 (-0.02%) | Poc: Close 57240.60 below POC 57257.50 | Vah: Close 57240.60 below VAH 57355.00 | Val: Close 57240.60 below VAL 57255.00 | Vwap Pullback: High 57291.00 within 10 of VWAP 57284.30 > Close 57240.60 | Vwap Rejection: Close 57240.60 held 74% of range below VWAP 57284.30",fd8e6f05
e9ec2337-f9ad-496c-a59c-a2d9efe6e625,2026-08-19T09:21:38.719395,Trading,Long,A,80,vwap,57294.8,"Trend: Close 57294.80 above VWAP 57283.98, slope +8.15 (entered, exits below +4.30) | Pullback: No pullback to EMA10 | Rejection: No rejection pattern | Volume: Projected relative volume 5.69 >= 1.25 (11160 in 99s -> projected 33914) | Open Interest: OI 2078520 -> 2078070 (-0.02%) | Poc: Close 57294.80 above POC 57257.50 | Vah: Close 57294.80 below VAH 57355.00 | Val: Close 57294.80 above VAL 57255.00 | Vwap Pullback: Low 57223.20 within 10 of VWAP 57283.98 < Close 57294.80 | Vwap Rejection: Close 57294.80 held 100% of range above VWAP 57283.98",fd8e6f05
ad38f38f-7f48-4d6a-90b5-f3ca6de940e3,2026-08-19T09:24:54.788940,Trading,Short,A+,95,vwap,57250.0,"Trend: Close 57250.00 below VWAP 57282.76, slope -2.91 (holding, exits above +4.30) | Pullback: No pullback to EMA10 | Rejection: Upper wick + bearish candle + Close below EMA10 | Volume: Projected relative volume 3.10 >= 1.25 (18180 in 295s -> projected 18501) | Open Interest: OI 2078520 -> 2080740 (+0.11%) | Poc: Close 57250.00 at POC 57257.50 | Vah: Close 57250.00 below VAH 57355.00 | Val: Close 57250.00 below VAL 57255.00 | Vwap Pullback: High 57304.60 within 10 of VWAP 57282.76 > Close 57250.00 | Vwap Rejection: Close 57250.00 held 67% of range below VWAP 57282.76",fd8e6f05
1a703145-d8ff-43db-9144-7608b8bb1c86,2026-08-19T09:50:49.324759,Trading,Long,A,80,ema+vwap,57310.0,"Trend: Close 57310.00 above VWAP 57240.66, slope +5.15 (entered, exits below +4.30) | Pullback: Low 57250.00 <= EMA10 57291.07 < Close 57310.00 | Rejection: Lower wick + bullish candle + Close above EMA10 | Volume: Projected relative volume 1.91 >= 1.25 (2760 in 49s -> projected 16787) | Open Interest: OI 2087820 -> 2087730 (-0.00%) | Poc: Close 57310.00 above POC 57257.50 | Vah: Close 57310.00 above VAH 57290.00 | Val: Close 57310.00 above VAL 57175.00 | Vwap Pullback: Low 57250.00 within 10 of VWAP 57240.66 < Close 57310.00 | Vwap Rejection: Close 57310.00 held 100% of range above VWAP 57240.66",fd8e6f05
ca86b158-8c84-4281-bceb-a4944452e6ac,2026-08-19T10:02:23.573773,Trading,Long,B,65,ema,57314.0,"Trend: Close 57314.00 above VWAP 57254.91, slope +5.82 (entered, exits below +4.30) | Pullback: Low 57281.00 <= EMA10 57299.42 < Close 57314.00 | Rejection: Lower wick + bullish candle + Close above EMA10 | Volume: Projected relative volume 0.84 in Normal band (3720 in 144s -> projected 7773) | Open Interest: OI 2096940 -> 2097840 (+0.04%) | Poc: Close 57314.00 above POC 57257.50 | Vah: Close 57314.00 above VAH 57305.00 | Val: Close 57314.00 above VAL 57175.00 | Vwap Pullback: No pullback to VWAP 57254.91 | Vwap Rejection: Close 57314.00 held 100% of range above VWAP 57254.91",fd8e6f05
7696d84b-bbca-4273-afc4-3421f6b48ae3,2026-08-19T10:28:30.100469,Trading,Short,B,65,vwap,57252.0,"Trend: Close 57252.00 below VWAP 57266.24, slope -5.05 (entered, exits above -4.30) | Pullback: No pullback to EMA10 | Rejection: No rejection pattern | Volume: Projected relative volume 0.87 in Normal band (5940 in 210s -> projected 8482) | Open Interest: OI 2106300 -> 2105250 (-0.05%) | Poc: Close 57252.00 at POC 57257.50 | Vah: Close 57252.00 below VAH 57365.00 | Val: Close 57252.00 above VAL 57220.00 | Vwap Pullback: High 57280.00 within 10 of VWAP 57266.24 > Close 57252.00 | Vwap Rejection: Close 57252.00 held 93% of range below VWAP 57266.24",fd8e6f05
4398eb9c-d2ff-41a3-8c81-610933f83153,2026-08-19T11:07:36.908739,Trading,Short,B,65,ema,57211.0,"Trend: Close 57211.00 below VWAP 57263.75, slope -3.45 (holding, exits above +4.30) | Pullback: High 57249.60 >= EMA10 57246.68 > Close 57211.00 | Rejection: Upper wick + bearish candle + Close below EMA10 | Volume: Projected relative volume 0.92 in Normal band (3270 in 157s -> projected 6252) | Open Interest: OI 2107350 -> 2107590 (+0.01%) | Poc: Close 57211.00 below POC 57252.50 | Vah: Close 57211.00 below VAH 57350.00 | Val: Close 57211.00 below VAL 57215.00 | Vwap Pullback: No pullback to VWAP 57263.75 | Vwap Rejection: Close 57211.00 held 100% of range below VWAP 57263.75",fd8e6f05
879f4f0d-9ec3-4861-acda-cb51e7f306ba,2026-08-19T11:47:33.723162,Trading,Long,B,65,ema+vwap,57289.2,"Trend: Close 57289.20 above VWAP 57261.99, slope +8.51 (entered, exits below +4.30) | Pullback: Low 57218.00 <= EMA10 57245.15 < Close 57289.20 | Rejection: Lower wick + bullish candle + Close above EMA10 | Volume: Projected relative volume 0.96 in Normal band (1380 in 154s -> projected 2693) | Open Interest: OI 2109060 -> 2108700 (-0.02%) | Poc: Close 57289.20 above POC 57252.50 | Vah: Close 57289.20 below VAH 57340.00 | Val: Close 57289.20 above VAL 57210.00 | Vwap Pullback: Low 57218.00 within 10 of VWAP 57261.99 < Close 57289.20 | Vwap Rejection: Close 57289.20 held 100% of range above VWAP 57261.99",fd8e6f05
fb5ae5e5-1ca5-43aa-9a29-fe2e7fc058c8,2026-08-19T12:19:36.392038,Trading,Long,B,65,ema+vwap,57274.8,"Trend: Close 57274.80 above VWAP 57270.66, slope +4.95 (entered, exits below +4.30) | Pullback: Low 57237.00 <= EMA10 57270.93 < Close 57274.80 | Rejection: Lower wick + bullish candle + Close above EMA10 | Volume: Projected relative volume 0.92 in Normal band (2550 in 276s -> projected 2768) | Open Interest: OI 2092650 -> 2093010 (+0.02%) | Poc: Close 57274.80 above POC 57252.50 | Vah: Close 57274.80 below VAH 57345.00 | Val: Close 57274.80 above VAL 57220.00 | Vwap Pullback: Low 57237.00 within 10 of VWAP 57270.66 < Close 57274.80 | Vwap Rejection: Close 57274.80 held 100% of range above VWAP 57270.66",fd8e6f05
64ba8010-8602-4562-8f00-c988a29bdbb9,2026-08-19T14:22:34.940482,Trading,Short,B,65,ema+vwap,57277.8,"Trend: Close 57277.80 below VWAP 57279.64, slope -4.76 (entered, exits above -4.30) | Pullback: High 57320.00 >= EMA10 57293.49 > Close 57277.80 | Rejection: Upper wick + bearish candle + Close below EMA10 | Volume: Projected relative volume 1.28 in Normal band (1800 in 155s -> projected 3485) | Open Interest: OI 2080140 -> 2080050 (-0.00%) | Poc: Close 57277.80 above POC 57252.50 | Vah: Close 57277.80 below VAH 57345.00 | Val: Close 57277.80 above VAL 57220.00 | Vwap Pullback: High 57320.00 within 10 of VWAP 57279.64 > Close 57277.80 | Vwap Rejection: Close 57277.80 held 100% of range below VWAP 57279.64",fd8e6f05
325b1a77-77f6-46b9-b87d-1f5904ce7cca,2026-08-19T15:09:23.946451,Trading,Long,B,65,ema,57378.8,"Trend: Close 57378.80 above VWAP 57301.03, slope +5.31 (entered, exits below +4.30) | Pullback: Low 57335.00 <= EMA10 57370.19 < Close 57378.80 | Rejection: Lower wick + bullish candle + Close above EMA10 | Volume: Projected relative volume 1.10 in Normal band (5070 in 264s -> projected 5763) | Open Interest: OI 2067330 -> 2067570 (+0.01%) | Poc: Close 57378.80 above POC 57252.50 | Vah: Close 57378.80 above VAH 57365.00 | Val: Close 57378.80 above VAL 57220.00 | Vwap Pullback: No pullback to VWAP 57301.03 | Vwap Rejection: Close 57378.80 held 96% of range above VWAP 57301.03",fd8e6f05
675cf87c-989b-47bd-a998-e0bc9dbafed2,2026-08-20T09:15:01.347140,Startup,,,,,,Session started symbol=BANKNIFTY26AUGFUT seed_bars=36 expected_bars=36,fd8e6f05
f2258c2b-c91a-48d3-afed-17754867f4ce,2026-08-20T09:20:31.594107,Trading,Long,A,80,vwap,57663.6,"Trend: Close 57663.60 above VWAP 57647.71, slope +50.24 (entered, exits below +4.30) | Pullback: No pullback to EMA10 | Rejection: No rejection pattern | Volume: Projected relative volume 2.79 >= 1.30 (2490 in 32s -> projected 23644) | Open Interest: OI 2034540 -> 2034240 (-0.01%) | Poc: Close 57663.60 above POC 57537.50 | Vah: Close 57663.60 above VAH 57640.00 | Val: Close 57663.60 above VAL 57535.00 | Vwap Pullback: Low 57637.20 within 10 of VWAP 57647.71 < Close 57663.60 | Vwap Rejection: Close 57663.60 held 76% of range above VWAP 57647.71",fd8e6f05
2fcbafe1-bba1-4b55-aa76-f75137124ac2,2026-08-20T09:24:01.675945,Trading,Short,A,80,vwap,57635.4,"Trend: Close 57635.40 below VWAP 57649.38, slope -5.82 (entered, exits above -4.30) | Pullback: No pullback to EMA10 | Rejection: No rejection pattern | Volume: Projected relative volume 2.75 >= 1.25 (18780 in 242s -> projected 23312) | Open Interest: OI 2034540 -> 2034630 (+0.00%) | Poc: Close 57635.40 above POC 57537.50 | Vah: Close 57635.40 rejected at VAH 57640.00 | Val: Close 57635.40 above VAL 57535.00 | Vwap Pullback: High 57671.80 within 10 of VWAP 57649.38 > Close 57635.40 | Vwap Rejection: Close 57635.40 held 100% of range below VWAP 57649.38",fd8e6f05
efc008d5-5e0b-40c5-9059-968f495aa8a4,2026-08-20T09:24:09.681451,Trading,Short,A+,95,vwap,57632.0,"Trend: Close 57632.00 below VWAP 57648.98, slope -6.47 (entered, exits above -4.30) | Pullback: No pullback to EMA10 | Rejection: No rejection pattern | Volume: Projected relative volume 3.00 >= 1.25 (21180 in 250s -> projected 25448) | Open Interest: OI 2034540 -> 2035980 (+0.07%) | Poc: Close 57632.00 above POC 57537.50 | Vah: Close 57632.00 rejected at VAH 57640.00 | Val: Close 57632.00 above VAL 57535.00 | Vwap Pullback: High 57671.80 within 10 of VWAP 57648.98 > Close 57632.00 | Vwap Rejection: Close 57632.00 held 100% of range below VWAP 57648.98",fd8e6f05
5915153e-e68d-486f-ac0d-cb34d9a4a65f,2026-08-20T11:19:54.018753,Trading,Long,A+,95,ema,57799.8,"Trend: Close 57799.80 above VWAP 57750.48, slope +4.36 (entered, exits below +4.30) | Pullback: Low 57775.00 <= EMA10 57796.52 < Close 57799.80 | Rejection: Lower wick + bullish candle + Close above EMA10 | Volume: Projected relative volume 1.51 >= 1.25 (15600 in 294s -> projected 15917) | Open Interest: OI 1984920 -> 1995360 (+0.53%) | Poc: Close 57799.80 at POC 57797.50 | Vah: Close 57799.80 below VAH 57860.00 | Val: Close 57799.80 above VAL 57700.00 | Vwap Pullback: No pullback to VWAP 57750.48 | Vwap Rejection: Close 57799.80 held 100% of range above VWAP 57750.48",fd8e6f05
3ece1eb2-f9b3-4f3b-8633-25e9abb6ea85,2026-08-20T12:17:53.175913,Trading,Long,B,65,ema,57779.0,"Trend: Close 57779.00 above VWAP 57751.94, slope +1.09 (holding, exits below -4.30) | Pullback: Low 57765.00 <= EMA10 57775.26 < Close 57779.00 | Rejection: Lower wick + bullish candle + Close above EMA10 | Volume: Projected relative volume 1.09 in Normal band (1980 in 173s -> projected 3430) | Open Interest: OI 1976940 -> 1977030 (+0.00%) | Poc: Close 57779.00 below POC 57797.50 | Vah: Close 57779.00 below VAH 57860.00 | Val: Close 57779.00 above VAL 57705.00 | Vwap Pullback: No pullback to VWAP 57751.94 | Vwap Rejection: Close 57779.00 held 100% of range above VWAP 57751.94",fd8e6f05
726f7954-de47-4535-a86e-9a0cc2aac159,2026-08-20T12:20:41.254733,Trading,Short,A,80,vwap,57743.2,"Trend: Close 57743.20 below VWAP 57751.94, slope -5.42 (entered, exits above -4.30) | Pullback: No pullback to EMA10 | Rejection: No rejection pattern | Volume: Projected relative volume 6.04 >= 1.25 (2550 in 41s -> projected 18543) | Open Interest: OI 1977000 -> 1977060 (+0.00%) | Poc: Close 57743.20 below POC 57797.50 | Vah: Close 57743.20 below VAH 57860.00 | Val: Close 57743.20 above VAL 57705.00 | Vwap Pullback: High 57761.00 within 10 of VWAP 57751.94 > Close 57743.20 | Vwap Rejection: Close 57743.20 held 100% of range below VWAP 57751.94",fd8e6f05
328326ce-07e0-4a74-a966-2faac93938a6,2026-08-20T12:21:05.265788,Trading,Short,A+,95,vwap,57745.0,"Trend: Close 57745.00 below VWAP 57751.94, slope -2.73 (holding, exits above +4.30) | Pullback: No pullback to EMA10 | Rejection: No rejection pattern | Volume: Projected relative volume 4.18 >= 1.25 (2790 in 65s -> projected 12824) | Open Interest: OI 1977000 -> 1978170 (+0.06%) | Poc: Close 57745.00 below POC 57797.50 | Vah: Close 57745.00 below VAH 57860.00 | Val: Close 57745.00 above VAL 57705.00 | Vwap Pullback: High 57761.00 within 10 of VWAP 57751.94 > Close 57745.00 | Vwap Rejection: Close 57745.00 held 80% of range below VWAP 57751.94",fd8e6f05
a26e72aa-01ed-4bfc-be34-8f262d457295,2026-08-20T12:34:53.533244,Trading,Short,A,80,vwap,57721.0,"Trend: Close 57721.00 below VWAP 57751.37, slope +1.05 (holding, exits above +4.30) | Pullback: No pullback to EMA10 | Rejection: Upper wick + bearish candle + Close below EMA10 | Volume: Projected relative volume 1.26 >= 1.25 (3750 in 294s -> projected 3833) | Open Interest: OI 1979250 -> 1978590 (-0.03%) | Poc: Close 57721.00 below POC 57797.50 | Vah: Close 57721.00 below VAH 57860.00 | Val: Close 57721.00 above VAL 57710.00 | Vwap Pullback: High 57742.40 within 10 of VWAP 57751.37 > Close 57721.00 | Vwap Rejection: Close 57721.00 held 57% of range below VWAP 57751.37",fd8e6f05
87b07912-a9b6-4611-a533-f0574e88b778,2026-08-20T12:48:07.819041,Trading,Long,B,65,ema+vwap,57776.8,"Trend: Close 57776.80 above VWAP 57750.50, slope +0.33 (holding, exits below -4.30) | Pullback: Low 57750.00 <= EMA10 57759.45 < Close 57776.80 | Rejection: Lower wick + bullish candle + Close above EMA10 | Volume: Projected relative volume 0.85 in Normal band (1800 in 188s -> projected 2875) | Open Interest: OI 1976880 -> 1976880 (+0.00%) | Poc: Close 57776.80 below POC 57797.50 | Vah: Close 57776.80 below VAH 57860.00 | Val: Close 57776.80 above VAL 57710.00 | Vwap Pullback: Low 57750.00 within 10 of VWAP 57750.50 < Close 57776.80 | Vwap Rejection: Close 57776.80 held 64% of range above VWAP 57750.50",fd8e6f05
6d74362a-bd0b-400a-b868-607b998b1bdd,2026-08-20T12:48:11.822974,Trading,Long,A,80,ema+vwap,57792.0,"Trend: Close 57792.00 above VWAP 57750.62, slope +3.09 (holding, exits below -4.30) | Pullback: Low 57750.00 <= EMA10 57762.21 < Close 57792.00 | Rejection: Lower wick + bullish candle + Close above EMA10 | Volume: Projected relative volume 1.39 >= 1.30 (3000 in 192s -> projected 4692) | Open Interest: OI 1976880 -> 1977270 (+0.02%) | Poc: Close 57792.00 at POC 57797.50 | Vah: Close 57792.00 below VAH 57860.00 | Val: Close 57792.00 above VAL 57710.00 | Vwap Pullback: Low 57750.00 within 10 of VWAP 57750.62 < Close 57792.00 | Vwap Rejection: Close 57792.00 held 100% of range above VWAP 57750.62",fd8e6f05
e80753a3-4516-4c42-94b1-ced381af92aa,2026-08-20T12:49:13.845848,Trading,Long,A+,95,ema+vwap,57795.4,"Trend: Close 57795.40 above VWAP 57751.38, slope -0.47 (holding, exits below -4.30) | Pullback: Low 57750.00 <= EMA10 57762.83 < Close 57795.40 | Rejection: Lower wick + bullish candle + Close above EMA10 | Volume: Projected relative volume 3.33 >= 1.25 (9480 in 254s -> projected 11204) | Open Interest: OI 1976880 -> 1978050 (+0.06%) | Poc: Close 57795.40 at POC 57797.50 | Vah: Close 57795.40 below VAH 57860.00 | Val: Close 57795.40 above VAL 57710.00 | Vwap Pullback: Low 57750.00 within 10 of VWAP 57751.38 < Close 57795.40 | Vwap Rejection: Close 57795.40 held 76% of range above VWAP 57751.38",fd8e6f05
c521d27e-99b8-4e4b-9367-a0b6337ebfbd,2026-08-20T13:40:56.878795,Trading,Short,A,80,vwap,57743.6,"Trend: Close 57743.60 below VWAP 57756.65, slope -7.47 (entered, exits above -4.30) | Pullback: No pullback to EMA10 | Rejection: Upper wick + bearish candle + Close below EMA10 | Volume: Projected relative volume 1.64 >= 1.25 (1200 in 57s -> projected 6329) | Open Interest: OI 1977090 -> 1977660 (+0.03%) | Poc: Close 57743.60 below POC 57797.50 | Vah: Close 57743.60 below VAH 57860.00 | Val: Close 57743.60 above VAL 57715.00 | Vwap Pullback: High 57760.00 within 10 of VWAP 57756.65 > Close 57743.60 | Vwap Rejection: Close 57743.60 held 100% of range below VWAP 57756.65",fd8e6f05
668f54b0-f5e9-42dd-9a89-2dbb7eaae1a4,2026-08-20T13:41:54.919183,Trading,Long,A,80,vwap,57775.2,"Trend: Close 57775.20 above VWAP 57756.67, slope +4.40 (entered, exits below +4.30) | Pullback: No pullback to EMA10 | Rejection: No rejection pattern | Volume: Projected relative volume 1.68 >= 1.25 (2490 in 115s -> projected 6500) | Open Interest: OI 1977090 -> 1977390 (+0.02%) | Poc: Close 57775.20 below POC 57797.50 | Vah: Close 57775.20 below VAH 57860.00 | Val: Close 57775.20 above VAL 57715.00 | Vwap Pullback: Low 57743.60 within 10 of VWAP 57756.67 < Close 57775.20 | Vwap Rejection: Close 57775.20 held 100% of range above VWAP 57756.67",fd8e6f05
d7261c4d-8d15-4e94-b420-7dc8199dd95e,2026-08-20T13:49:39.111984,Trading,Long,B,65,ema+vwap,57789.2,"Trend: Close 57789.20 above VWAP 57756.74, slope +4.40 (entered, exits below +4.30) | Pullback: Low 57748.60 <= EMA10 57782.58 < Close 57789.20 | Rejection: Lower wick + bullish candle + Close above EMA10 | Volume: Projected relative volume 1.12 in Normal band (4110 in 279s -> projected 4418) | Open Interest: OI 1977900 -> 1977780 (-0.01%) | Poc: Close 57789.20 at POC 57797.50 | Vah: Close 57789.20 below VAH 57855.00 | Val: Close 57789.20 above VAL 57715.00 | Vwap Pullback: Low 57748.60 within 10 of VWAP 57756.74 < Close 57789.20 | Vwap Rejection: Close 57789.20 held 100% of range above VWAP 57756.74",fd8e6f05
8df050bf-6ecf-4b54-9626-af6a9e91b6eb,2026-08-20T13:54:53.225907,Trading,Short,B,65,ema+vwap,57750.0,"Trend: Close 57750.00 below VWAP 57756.98, slope -4.62 (entered, exits above -4.30) | Pullback: High 57800.00 >= EMA10 57773.80 > Close 57750.00 | Rejection: Upper wick + bearish candle + Close below EMA10 | Volume: Projected relative volume 1.02 in Normal band (4140 in 293s -> projected 4236) | Open Interest: OI 1977780 -> 1978080 (+0.02%) | Poc: Close 57750.00 below POC 57797.50 | Vah: Close 57750.00 below VAH 57855.00 | Val: Close 57750.00 above VAL 57715.00 | Vwap Pullback: High 57800.00 within 10 of VWAP 57756.98 > Close 57750.00 | Vwap Rejection: Close 57750.00 held 100% of range below VWAP 57756.98",fd8e6f05
5ac571a2-91af-4bad-ba58-858703ab48f4,2026-08-20T13:56:21.259639,Trading,Short,A,80,vwap,57734.2,"Trend: Close 57734.20 below VWAP 57756.93, slope -2.87 (holding, exits above +4.30) | Pullback: No pullback to EMA10 | Rejection: No rejection pattern | Volume: Projected relative volume 1.58 >= 1.30 (1860 in 81s -> projected 6867) | Open Interest: OI 1978080 -> 1978020 (-0.00%) | Poc: Close 57734.20 below POC 57797.50 | Vah: Close 57734.20 below VAH 57855.00 | Val: Close 57734.20 above VAL 57715.00 | Vwap Pullback: High 57750.00 within 10 of VWAP 57756.93 > Close 57734.20 | Vwap Rejection: Close 57734.20 held 100% of range below VWAP 57756.93",fd8e6f05
de726ddf-1daa-44ae-8c13-880df3880e21,2026-08-20T13:57:19.281815,Trading,Long,A,80,vwap,57768.6,"Trend: Close 57768.60 above VWAP 57756.94, slope +6.25 (entered, exits below +4.30) | Pullback: No pullback to EMA10 | Rejection: No rejection pattern | Volume: Projected relative volume 1.92 >= 1.25 (3870 in 139s -> projected 8336) | Open Interest: OI 1978080 -> 1977660 (-0.02%) | Poc: Close 57768.60 below POC 57797.50 | Vah: Close 57768.60 below VAH 57855.00 | Val: Close 57768.60 above VAL 57715.00 | Vwap Pullback: Low 57734.20 within 10 of VWAP 57756.94 < Close 57768.60 | Vwap Rejection: Close 57768.60 held 96% of range above VWAP 57756.94",fd8e6f05
a388ba09-3bee-41bb-a22f-5c67fda36ba1,2026-08-20T13:59:47.335274,Trading,Short,A+,95,ema+vwap,57731.8,"Trend: Close 57731.80 below VWAP 57756.84, slope -2.29 (holding, exits above +4.30) | Pullback: High 57770.20 >= EMA10 57766.17 > Close 57731.80 | Rejection: Upper wick + bearish candle + Close below EMA10 | Volume: Projected relative volume 2.05 >= 1.25 (8550 in 287s -> projected 8927) | Open Interest: OI 1978080 -> 1980690 (+0.13%) | Poc: Close 57731.80 below POC 57797.50 | Vah: Close 57731.80 below VAH 57855.00 | Val: Close 57731.80 above VAL 57715.00 | Vwap Pullback: High 57770.20 within 10 of VWAP 57756.84 > Close 57731.80 | Vwap Rejection: Close 57731.80 held 85% of range below VWAP 57756.84",fd8e6f05
b2dbb14d-b589-41cd-a6c0-74ab02775d63,2026-08-20T14:00:57.361511,Trading,Short,A+,95,ema+vwap,57740.6,"Trend: Close 57740.60 below VWAP 57756.82, slope -5.25 (entered, exits above -4.30) | Pullback: High 57765.80 >= EMA10 57764.23 > Close 57740.60 | Rejection: Upper wick + bearish candle + Close below EMA10 | Volume: Projected relative volume 1.98 >= 1.25 (1770 in 57s -> projected 9257) | Open Interest: OI 1980690 -> 1981800 (+0.06%) | Poc: Close 57740.60 below POC 57797.50 | Vah: Close 57740.60 below VAH 57850.00 | Val: Close 57740.60 above VAL 57715.00 | Vwap Pullback: High 57765.80 within 10 of VWAP 57756.82 > Close 57740.60 | Vwap Rejection: Close 57740.60 held 83% of range below VWAP 57756.82",fd8e6f05
b2bd2d11-0fe2-4198-8ce0-4dddaf848698,2026-08-20T14:06:35.476373,Trading,Short,B,65,vwap,57721.8,"Trend: Close 57721.80 below VWAP 57756.60, slope -0.58 (holding, exits above +4.30) | Pullback: No pullback to EMA10 | Rejection: No rejection pattern | Volume: Projected relative volume 0.90 in Normal band (1320 in 95s -> projected 4148) | Open Interest: OI 1982610 -> 1982520 (-0.00%) | Poc: Close 57721.80 below POC 57797.50 | Vah: Close 57721.80 below VAH 57840.00 | Val: Close 57721.80 above VAL 57710.00 | Vwap Pullback: High 57750.00 within 10 of VWAP 57756.60 > Close 57721.80 | Vwap Rejection: Close 57721.80 held 94% of range below VWAP 57756.60",fd8e6f05
2fbffcfc-1ce4-4acd-b04d-b2e034853a15,2026-08-20T14:16:21.724717,Trading,Short,B,65,vwap,57724.2,"Trend: Close 57724.20 below VWAP 57756.14, slope -0.40 (holding, exits above +4.30) | Pullback: No pullback to EMA10 | Rejection: No rejection pattern | Volume: Projected relative volume 1.03 in Normal band (1350 in 82s -> projected 4956) | Open Interest: OI 1982520 -> 1981860 (-0.03%) | Poc: Close 57724.20 below POC 57797.50 | Vah: Close 57724.20 below VAH 57835.00 | Val: Close 57724.20 above VAL 57710.00 | Vwap Pullback: High 57749.60 within 10 of VWAP 57756.14 > Close 57724.20 | Vwap Rejection: Close 57724.20 held 100% of range below VWAP 57756.14",fd8e6f05
732d06ab-bf58-4aad-b85f-85f65a3e65b9,2026-08-20T14:16:31.730807,Trading,Short,A,80,vwap,57707.4,"Trend: Close 57707.40 below VWAP 57756.07, slope -3.45 (holding, exits above +4.30) | Pullback: High 57749.60 >= EMA10 57748.37 > Close 57707.40 | Rejection: No rejection pattern | Volume: Projected relative volume 1.59 >= 1.25 (2340 in 92s -> projected 7653) | Open Interest: OI 1982520 -> 1981860 (-0.03%) | Poc: Close 57707.40 below POC 57797.50 | Vah: Close 57707.40 below VAH 57835.00 | Val: Close 57707.40 below VAL 57710.00 | Vwap Pullback: High 57749.60 within 10 of VWAP 57756.07 > Close 57707.40 | Vwap Rejection: Close 57707.40 held 100% of range below VWAP 57756.07",fd8e6f05
0c9f1983-d4d2-4aa1-b7d8-648ab0e3c8fa,2026-08-20T14:26:13.935003,Trading,Short,B,65,ema,57699.2,"Trend: Close 57699.20 below VWAP 57754.60, slope -5.60 (entered, exits above -4.30) | Pullback: High 57736.00 >= EMA10 57734.50 > Close 57699.20 | Rejection: Upper wick + bearish candle + Close below EMA10 | Volume: Projected relative volume 1.03 in Normal band (1260 in 74s -> projected 5113) | Open Interest: OI 1981020 -> 1981320 (+0.02%) | Poc: Close 57699.20 below POC 57797.50 | Vah: Close 57699.20 below VAH 57835.00 | Val: Close 57699.20 below VAL 57705.00 | Vwap Pullback: No pullback to VWAP 57754.60 | Vwap Rejection: Close 57699.20 held 93% of range below VWAP 57754.60",fd8e6f05
faf4a277-3957-4825-a57d-72c915b5d11b,2026-08-20T14:42:54.272682,Trading,Short,A,80,ema+vwap,57725.0,"Trend: Close 57725.00 below VWAP 57753.88, slope -4.33 (entered, exits above -4.30) | Pullback: High 57749.80 >= EMA10 57731.10 > Close 57725.00 | Rejection: Upper wick + bearish candle + Close below EMA10 | Volume: Projected relative volume 1.39 >= 1.25 (3240 in 174s -> projected 5577) | Open Interest: OI 1975860 -> 1976820 (+0.05%) | Poc: Close 57725.00 below POC 57797.50 | Vah: Close 57725.00 below VAH 57830.00 | Val: Close 57725.00 above VAL 57705.00 | Vwap Pullback: High 57749.80 within 10 of VWAP 57753.88 > Close 57725.00 | Vwap Rejection: Close 57725.00 held 100% of range below VWAP 57753.88",fd8e6f05
0c52368e-86bd-4a54-af76-15076c05bead,2026-08-20T14:56:46.564066,Trading,Short,B,65,ema,57704.6,"Trend: Close 57704.60 below VWAP 57753.01, slope -5.35 (entered, exits above -4.30) | Pullback: High 57734.00 >= EMA10 57719.61 > Close 57704.60 | Rejection: Upper wick + bearish candle + Close below EMA10 | Volume: Projected relative volume 0.90 in Normal band (1380 in 107s -> projected 3885) | Open Interest: OI 1970580 -> 1971090 (+0.03%) | Poc: Close 57704.60 below POC 57797.50 | Vah: Close 57704.60 below VAH 57830.00 | Val: Close 57704.60 below VAL 57705.00 | Vwap Pullback: No pullback to VWAP 57753.01 | Vwap Rejection: Close 57704.60 held 98% of range below VWAP 57753.01",fd8e6f05
cfdf7efa-7078-4e2d-b2d9-30c4b3be277b,2026-08-24T09:15:00.275953,Startup,,,,,,Session started symbol=BANKNIFTY26AUGFUT seed_bars=36 expected_bars=36,fd8e6f05
5f657f38-2621-4d11-8da2-010b55c7df67,2026-08-24T09:32:36.793730,Trading,Short,B,65,vwap,57822.4,"Trend: Close 57822.40 below VWAP 57863.50, slope -3.56 (holding, exits above +4.30) | Pullback: No pullback to EMA10 | Rejection: No rejection pattern | Volume: Projected relative volume 0.87 in Normal band (4500 in 157s -> projected 8610) | Open Interest: OI 1376490 -> 1376010 (-0.03%) | Poc: Close 57822.40 below POC 57852.50 | Vah: Close 57822.40 below VAH 57890.00 | Val: Close 57822.40 below VAL 57850.00 | Vwap Pullback: High 57875.00 within 10 of VWAP 57863.50 > Close 57822.40 | Vwap Rejection: Close 57822.40 held 87% of range below VWAP 57863.50",fd8e6f05
5d08f95e-7d53-41ff-9c79-18c94e4cd9a6,2026-08-24T09:41:24.974819,Trading,Short,B,65,vwap,57818.8,"Trend: Close 57818.80 below VWAP 57856.05, slope -2.18 (holding, exits above +4.30) | Pullback: Low 57810.00 <= EMA10 57810.25 < Close 57818.80 | Rejection: No rejection pattern | Volume: Projected relative volume 1.14 in Normal band (3300 in 85s -> projected 11651) | Open Interest: OI 1374780 -> 1374540 (-0.02%) | Poc: Close 57818.80 below POC 57852.50 | Vah: Close 57818.80 below VAH 57890.00 | Val: Close 57818.80 below VAL 57840.00 | Vwap Pullback: High 57850.00 within 10 of VWAP 57856.05 > Close 57818.80 | Vwap Rejection: Close 57818.80 held 78% of range below VWAP 57856.05",fd8e6f05
b8b475ea-7115-4ea0-8fc3-1ad060a5312e,2026-08-24T10:21:27.793038,Trading,Short,B,65,ema,57767.0,"Trend: Close 57767.00 below VWAP 57819.05, slope -4.18 (holding, exits above +4.30) | Pullback: High 57790.00 >= EMA10 57779.28 > Close 57767.00 | Rejection: Upper wick + bearish candle + Close below EMA10 | Volume: Projected relative volume 0.86 in Normal band (2520 in 88s -> projected 8611) | Open Interest: OI 1370310 -> 1370190 (-0.01%) | Poc: Close 57767.00 below POC 57787.50 | Vah: Close 57767.00 below VAH 57855.00 | Val: Close 57767.00 above VAL 57755.00 | Vwap Pullback: No pullback to VWAP 57819.05 | Vwap Rejection: Close 57767.00 held 86% of range below VWAP 57819.05",fd8e6f05
e5376657-6856-4a1b-9dde-c2a984d27ff9,2026-08-24T12:25:58.414617,Trading,Short,A+,95,ema,57442.0,"Trend: Close 57442.00 below VWAP 57615.76, slope -1.59 (holding, exits above +4.30) | Pullback: High 57456.80 >= EMA10 57449.16 > Close 57442.00 | Rejection: Upper wick + bearish candle + Close below EMA10 | Volume: Projected relative volume 1.98 >= 1.25 (5700 in 58s -> projected 29273) | Open Interest: OI 1349670 -> 1350450 (+0.06%) | Poc: Close 57442.00 at POC 57442.50 | Vah: Close 57442.00 below VAH 57775.00 | Val: Close 57442.00 above VAL 57385.00 | Vwap Pullback: No pullback to VWAP 57615.76 | Vwap Rejection: Close 57442.00 held 100% of range below VWAP 57615.76",fd8e6f05
a47eb9b3-ce31-4c6a-9f52-ad6c5e2b1d3e,2026-08-24T13:03:11.245993,Trading,Short,A,80,ema,57404.0,"Trend: Close 57404.00 below VWAP 57592.73, slope -2.65 (holding, exits above +4.30) | Pullback: High 57423.00 >= EMA10 57422.88 > Close 57404.00 | Rejection: Upper wick + bearish candle + Close below EMA10 | Volume: Projected relative volume 0.85 in Normal band (6210 in 191s -> projected 9741) | Open Interest: OI 1261680 -> 1264260 (+0.20%) | Poc: Close 57404.00 below POC 57442.50 | Vah: Close 57404.00 below VAH 57760.00 | Val: Close 57404.00 above VAL 57385.00 | Vwap Pullback: No pullback to VWAP 57592.73 | Vwap Rejection: Close 57404.00 held 100% of range below VWAP 57592.73",fd8e6f05
3785c12c-db24-48ee-8ebb-3e215e28d09b,2026-08-24T13:03:49.284268,Trading,Short,A+,95,ema,57349.8,"Trend: Close 57349.80 below VWAP 57581.28, slope -10.04 (entered, exits above -4.30) | Pullback: High 57423.00 >= EMA10 57413.02 > Close 57349.80 | Rejection: Upper wick + bearish candle + Close below EMA10 | Volume: Projected relative volume 4.15 >= 1.25 (36540 in 229s -> projected 47810) | Open Interest: OI 1261680 -> 1264500 (+0.22%) | Poc: Close 57349.80 below POC 57442.50 | Vah: Close 57349.80 below VAH 57760.00 | Val: Close 57349.80 below VAL 57385.00 | Vwap Pullback: No pullback to VWAP 57581.28 | Vwap Rejection: Close 57349.80 held 95% of range below VWAP 57581.28",fd8e6f05
e46abeea-5b4d-4643-af5f-45659924a94e,2026-08-24T14:16:26.875643,Trading,Short,A,80,ema,57402.0,"Trend: Close 57402.00 below VWAP 57548.41, slope -1.93 (holding, exits above +4.30) | Pullback: High 57412.60 >= EMA10 57404.39 > Close 57402.00 | Rejection: Upper wick + bearish candle + Close below EMA10 | Volume: Projected relative volume 0.87 in Normal band (2550 in 87s -> projected 8806) | Open Interest: OI 1247820 -> 1248720 (+0.07%) | Poc: Close 57402.00 below POC 57412.50 | Vah: Close 57402.00 below VAH 57720.00 | Val: Close 57402.00 above VAL 57330.00 | Vwap Pullback: No pullback to VWAP 57548.41 | Vwap Rejection: No rejection at VWAP",fd8e6f05
a83b898a-41f6-4abf-a9b3-389949483603,2026-08-24T14:16:48.899976,Trading,Short,A+,95,ema,57381.4,"Trend: Close 57381.40 below VWAP 57547.92, slope -4.98 (entered, exits above -4.30) | Pullback: High 57412.60 >= EMA10 57400.65 > Close 57381.40 | Rejection: Upper wick + bearish candle + Close below EMA10 | Volume: Projected relative volume 1.32 >= 1.30 (4860 in 109s -> projected 13388) | Open Interest: OI 1247820 -> 1249950 (+0.17%) | Poc: Close 57381.40 below POC 57412.50 | Vah: Close 57381.40 below VAH 57720.00 | Val: Close 57381.40 above VAL 57330.00 | Vwap Pullback: No pullback to VWAP 57547.92 | Vwap Rejection: Close 57381.40 held 86% of range below VWAP 57547.92",fd8e6f05
73b928b1-c1e7-4100-ae37-6b9c9bb0f3a8,2026-08-24T14:20:58.992261,Trading,Short,A+,95,ema,57371.6,"Trend: Close 57371.60 below VWAP 57545.49, slope -5.81 (entered, exits above -4.30) | Pullback: High 57409.00 >= EMA10 57397.74 > Close 57371.60 | Rejection: Upper wick + bearish candle + Close below EMA10 | Volume: Projected relative volume 1.49 >= 1.30 (3060 in 59s -> projected 15561) | Open Interest: OI 1254180 -> 1255260 (+0.09%) | Poc: Close 57371.60 below POC 57412.50 | Vah: Close 57371.60 below VAH 57710.00 | Val: Close 57371.60 above VAL 57330.00 | Vwap Pullback: No pullback to VWAP 57545.49 | Vwap Rejection: Close 57371.60 held 100% of range below VWAP 57545.49",fd8e6f05
dc488519-5da7-41d8-92a3-bf5371c6daf9,2026-08-24T14:48:07.584326,Trading,Short,B,65,ema,57411.2,"Trend: Close 57411.20 below VWAP 57534.51, slope -5.27 (entered, exits above -4.30) | Pullback: High 57445.00 >= EMA10 57420.40 > Close 57411.20 | Rejection: Upper wick + bearish candle + Close below EMA10 | Volume: Projected relative volume 1.05 in Normal band (6510 in 188s -> projected 10411) | Open Interest: OI 1275240 -> 1274910 (-0.03%) | Poc: Close 57411.20 at POC 57412.50 | Vah: Close 57411.20 below VAH 57650.00 | Val: Close 57411.20 above VAL 57330.00 | Vwap Pullback: No pullback to VWAP 57534.51 | Vwap Rejection: Close 57411.20 held 100% of range below VWAP 57534.51",fd8e6f05
146a1706-116c-4914-9e9b-f4256f985416,2026-08-25T10:01:56.788875,Startup,,,,,,Session started symbol=BANKNIFTY26AUGFUT seed_bars=36 expected_bars=36,fd8e6f05
83c84174-c21b-449e-afa6-8b1c29622ee1,2026-08-25T10:18:21.213113,Trading,Short,A,80,ema+vwap,57488.6,"Trend: Close 57488.60 below VWAP 57530.20, slope -5.56 (entered, exits above -4.30) | Pullback: High 57526.00 >= EMA10 57517.75 > Close 57488.60 | Rejection: Upper wick + bearish candle + Close below EMA10 | Volume: Projected relative volume 0.85 in Normal band (6330 in 201s -> projected 9438) | Open Interest: OI 757650 -> 759510 (+0.25%) | Poc: Close 57488.60 below POC 57527.50 | Vah: Close 57488.60 below VAH 57615.00 | Val: Close 57488.60 below VAL 57490.00 | Vwap Pullback: High 57526.00 within 10 of VWAP 57530.20 > Close 57488.60 | Vwap Rejection: Close 57488.60 held 83% of range below VWAP 57530.20",fd8e6f05
245b71f8-8afc-4a6c-bfd3-8981302e5d72,2026-08-25T10:40:55.751846,Trading,Short,A,80,ema,57446.0,"Trend: Close 57446.00 below VWAP 57513.31, slope -6.34 (entered, exits above -4.30) | Pullback: High 57479.80 >= EMA10 57474.52 > Close 57446.00 | Rejection: Upper wick + bearish candle + Close below EMA10 | Volume: Projected relative volume 1.88 >= 1.25 (3960 in 56s -> projected 21309) | Open Interest: OI 764280 -> 764430 (+0.02%) | Poc: Close 57446.00 below POC 57527.50 | Vah: Close 57446.00 below VAH 57580.00 | Val: Close 57446.00 above VAL 57430.00 | Vwap Pullback: No pullback to VWAP 57513.31 | Vwap Rejection: Close 57446.00 held 94% of range below VWAP 57513.31",fd8e6f05
996f2b89-234c-4dca-a944-895017fb4eeb,2026-08-25T12:21:03.833478,Trading,Short,A,80,vwap,57488.0,"Trend: Close 57488.00 below VWAP 57507.75, slope -5.67 (entered, exits above -4.30) | Pullback: High 57519.20 >= EMA10 57503.60 > Close 57488.00 | Rejection: No rejection pattern | Volume: Projected relative volume 3.82 >= 1.25 (4740 in 64s -> projected 22277) | Open Interest: OI 719820 -> 719820 (+0.00%) | Poc: Close 57488.00 below POC 57527.50 | Vah: Close 57488.00 below VAH 57560.00 | Val: Close 57488.00 above VAL 57440.00 | Vwap Pullback: High 57519.20 within 10 of VWAP 57507.75 > Close 57488.00 | Vwap Rejection: Close 57488.00 held 100% of range below VWAP 57507.75",fd8e6f05
58a55f87-44d8-4a2d-935e-c7cd2c7ebb13,2026-08-25T13:13:39.021278,Trading,Short,B,65,ema,57375.0,"Trend: Close 57375.00 below VWAP 57499.73, slope -7.16 (entered, exits above -4.30) | Pullback: High 57440.60 >= EMA10 57438.43 > Close 57375.00 | Rejection: Upper wick + bearish candle + Close below EMA10 | Volume: Projected relative volume 1.05 in Normal band (4050 in 219s -> projected 5547) | Open Interest: OI 696600 -> 696270 (-0.05%) | Poc: Close 57375.00 below POC 57477.50 | Vah: Close 57375.00 below VAH 57555.00 | Val: Close 57375.00 below VAL 57440.00 | Vwap Pullback: No pullback to VWAP 57499.73 | Vwap Rejection: Close 57375.00 held 100% of range below VWAP 57499.73",fd8e6f05
