timestamp,status,direction,grade,trend,pullback,rejection,volume,open_interest,poc,vah,val,vwap_pullback,vwap_rejection,setup,long_blocked_ema,short_blocked_ema,long_blocked_vwap,short_blocked_vwap,bar_start,current_price,open,high,low,close,bar_volume,sma20_volume,elapsed_seconds,ema_10,vwap,ema_slope,engine_version
2026-08-14T09:15:00+05:30,WAIT,Neutral,Ignore,Unknown,Unknown,Unknown,Unknown,Unknown,Unknown,Unknown,Unknown,Unknown,Unknown,,,,,,,,,,,,,2100.0,300.0,57864.705519932526,,,b3620733
2026-08-14T09:16:00+05:30,WAIT,Neutral,Ignore,Neutral,None,None,High,Unknown,Unknown,Unknown,Unknown,None,None,,,,,,2026-08-14T09:15:00+05:30,57780.4,57780.4,57780.4,57780.4,57780.4,3630.0,2100.0,60.0,57849.377243581155,57780.4,-15.328276351370732,b3620733
2026-08-14T09:17:00+05:30,WAIT,Neutral,Ignore,Neutral,None,None,High,Unknown,Unknown,Unknown,Unknown,Bullish,Bullish,,,,,,2026-08-14T09:15:00+05:30,57784.8,57780.4,57784.8,57780.4,57784.8,7470.0,2100.0,120.0,57850.17724358116,57782.66184738956,0.8000000000029104,b3620733
2026-08-14T09:19:00+05:30,WAIT,Neutral,Ignore,Neutral,None,Bearish,High,Unknown,Unknown,Unknown,Unknown,Bearish,Bearish,,,,,,2026-08-14T09:15:00+05:30,57765.4,57780.4,57784.8,57765.4,57765.4,14760.0,2100.0,240.0,57846.64997085388,57779.8162601626,-3.23636363636615,b3620733
2026-08-14T09:20:00+05:30,WAIT,Neutral,Ignore,Neutral,None,Bearish,High,Unknown,At,Below,Rejected,Bearish,Bearish,,,,,,2026-08-14T09:15:00+05:30,57753.6,57780.4,57784.8,57753.6,57753.6,18180.0,2956.5,300.0,57844.50451630843,57774.88448844884,-2.145454545454413,b3620733
2026-08-14T09:21:00+05:30,WAIT,Neutral,Ignore,Bearish,None,None,High,Flat,Below,Below,Below,None,None,,,,,,2026-08-14T09:20:00+05:30,57728.2,57728.2,57728.2,57728.2,57728.2,3180.0,2956.5,60.0,57823.358240615984,57767.934269662925,-21.14627569244476,b3620733
2026-08-14T09:22:00+05:30,WAIT,Neutral,Ignore,Bearish,None,None,High,Rising,Below,Below,Below,None,Bearish,,,,,pullback,2026-08-14T09:20:00+05:30,57717.4,57728.2,57728.2,57717.4,57717.4,6210.0,2956.5,120.0,57821.39460425235,57761.65633456335,-1.9636363636309397,b3620733
2026-08-14T09:24:00+05:30,WAIT,Neutral,Ignore,Neutral,None,None,High,Rising,At,Below,Below,None,None,,,,,,2026-08-14T09:20:00+05:30,57745.6,57728.2,57745.6,57710.0,57745.6,8310.0,2956.5,240.0,57826.52187697963,57759.41585503964,6.4727272727323,b3620733
2026-08-14T09:25:00+05:30,WAIT,Neutral,Ignore,Neutral,None,None,High,Rising,Below,Below,Below,None,None,,,,,,2026-08-14T09:20:00+05:30,57739.0,57728.2,57745.6,57710.0,57739.0,9660.0,3339.0,300.0,57825.32187697962,57758.425862068965,-1.2000000000043656,b3620733
2026-08-14T09:26:00+05:30,WAIT,Neutral,Ignore,Bearish,None,None,High,Flat,Below,Below,Below,None,None,,,,,,2026-08-14T09:25:00+05:30,57725.0,57725.0,57725.0,57725.0,57725.0,1440.0,3339.0,60.0,57807.0815357106,57756.781967213115,-18.24034126902552,b3620733
2026-08-14T09:26:44+05:30,WAIT,Neutral,Ignore,Bearish,None,None,Normal,Flat,Below,Below,Below,None,None,,,,,,2026-08-14T09:25:00+05:30,57725.0,57725.0,57725.0,57725.0,57725.0,1440.0,3339.0,104.0,57807.0815357106,57756.781967213115,-18.24034126902552,b3620733
2026-08-14T09:27:00+05:30,WAIT,Neutral,Ignore,Bearish,None,None,High,Rising,Below,Below,Below,None,None,,,,,,2026-08-14T09:25:00+05:30,57727.8,57725.0,57727.8,57725.0,57727.8,2520.0,3339.0,120.0,57807.59062661969,57755.750988142296,0.509090909094084,b3620733
2026-08-14T09:28:28+05:30,WAIT,Neutral,Ignore,Bearish,None,None,Normal,Rising,Below,Below,Below,None,None,,,,,,2026-08-14T09:25:00+05:30,57734.4,57725.0,57734.4,57725.0,57734.4,2880.0,3339.0,208.0,57808.79062661969,57755.50078125,1.1999999999970896,b3620733
2026-08-14T09:29:00+05:30,WAIT,Neutral,Ignore,Bearish,None,None,High,Rising,Below,Below,Below,None,None,,,,,,2026-08-14T09:25:00+05:30,57725.0,57725.0,57734.4,57725.0,57725.0,4110.0,3339.0,240.0,57807.0815357106,57754.326572769955,-1.7090909090911737,b3620733
2026-08-14T09:29:56+05:30,WAIT,Neutral,Ignore,Bearish,None,None,Normal,Rising,Below,Below,Below,None,None,,,,,,2026-08-14T09:25:00+05:30,57725.0,57725.0,57734.4,57725.0,57725.0,4110.0,3339.0,296.0,57807.0815357106,57754.326572769955,-1.7090909090911737,b3620733
2026-08-14T09:30:00+05:30,WAIT,Neutral,Ignore,Bearish,None,Bearish,High,Rising,Below,Below,Below,None,Bearish,,,pullback,,pullback,2026-08-14T09:25:00+05:30,57712.6,57725.0,57734.4,57712.6,57712.6,6780.0,3606.0,300.0,57804.82699025606,57751.10849220104,-2.254545454539766,b3620733
2026-08-14T09:31:00+05:30,WAIT,Neutral,Ignore,Bearish,None,None,High,Rising,Below,Below,Below,None,None,,,,,,2026-08-14T09:30:00+05:30,57679.8,57679.8,57679.8,57679.8,57679.8,12150.0,3606.0,60.0,57782.0948102095,57732.583835792175,-22.732180046557914,b3620733
2026-08-14T09:32:00+05:30,WAIT,Neutral,Ignore,Neutral,None,None,High,Rising,Below,Below,Below,None,None,,,,,,2026-08-14T09:30:00+05:30,57704.6,57679.8,57704.6,57679.8,57704.6,15600.0,3606.0,120.0,57786.60390111859,57730.66140979689,4.509090909094084,b3620733
2026-08-14T09:34:00+05:30,ENTRY,Long,A+,Bullish,None,None,High,Rising,At,Below,Above,Bullish,Bullish,vwap,,,,,2026-08-14T09:30:00+05:30,57749.0,57679.8,57749.0,57679.8,57749.0,19050.0,3606.0,240.0,57794.67662839132,57731.17328116266,5.709090909091174,b3620733
2026-08-14T09:35:00+05:30,WAIT,Neutral,Ignore,Bearish,None,None,High,Rising,Above,Below,Above,Bearish,None,,,,,rejection,2026-08-14T09:30:00+05:30,57725.0,57679.8,57749.0,57679.8,57725.0,19620.0,4542.0,300.0,57790.312992027684,57731.10840707965,-4.363636363632395,b3620733
2026-08-14T09:36:00+05:30,WAIT,Neutral,Ignore,Bearish,None,None,Unknown,Flat,Above,Below,Above,Bearish,None,,,,,,2026-08-14T09:35:00+05:30,57726.4,57726.4,57726.4,57726.4,57726.4,960.0,4542.0,60.0,57778.69244802265,57731.02652173913,-11.62054400503257,b3620733
2026-08-14T09:36:20+05:30,WAIT,Neutral,Ignore,Bearish,None,None,Low,Flat,Above,Below,Above,Bearish,None,,,,,,2026-08-14T09:35:00+05:30,57726.4,57726.4,57726.4,57726.4,57726.4,960.0,4542.0,80.0,57778.69244802265,57731.02652173913,-11.62054400503257,b3620733
2026-08-14T09:37:00+05:30,WAIT,Neutral,Ignore,Neutral,None,None,Low,Flat,Above,Below,Above,Bullish,Bullish,,,,,,2026-08-14T09:35:00+05:30,57747.6,57726.4,57747.6,57726.4,57747.6,1320.0,4542.0,120.0,57782.5469934772,57731.13390928726,3.854545454545587,b3620733
2026-08-14T09:39:00+05:30,WAIT,Neutral,Ignore,Neutral,None,None,Normal,Flat,Above,Rejected,Above,Bullish,Bullish,,,,,,2026-08-14T09:35:00+05:30,57771.4,57726.4,57771.4,57726.4,57771.4,4290.0,4542.0,240.0,57786.87426620447,57732.91101998975,4.290909090908826,b3620733
2026-08-14T09:40:00+05:30,WAIT,Neutral,Ignore,Neutral,None,None,Normal,Flat,At,Below,Above,Bullish,None,,,,,,2026-08-14T09:35:00+05:30,57737.0,57726.4,57771.4,57726.4,57737.0,5400.0,4782.0,300.0,57780.61972074992,57732.98712273642,-6.254545454547042,b3620733
2026-08-14T09:41:00+05:30,WAIT,Neutral,Ignore,Neutral,None,None,Low,Flat,Above,Above,Above,None,None,,,,,,2026-08-14T09:40:00+05:30,57776.8,57776.8,57776.8,57776.8,57776.8,450.0,4782.0,60.0,57779.92522606812,57733.31522715926,-0.694494681803917,b3620733
2026-08-14T09:44:00+05:30,WAIT,Neutral,Ignore,Neutral,Bearish,None,Low,Flat,Above,Below,Above,None,None,,,,,,2026-08-14T09:40:00+05:30,57745.0,57776.8,57776.8,57745.0,57745.0,1530.0,4782.0,240.0,57774.1434078863,57733.93281020108,-5.127272727266245,b3620733
2026-08-14T09:46:00+05:30,WAIT,Neutral,Ignore,Neutral,None,None,Unknown,Flat,Above,Rejected,Above,None,None,,,,,,2026-08-14T09:45:00+05:30,57770.0,57770.0,57770.0,57770.0,57770.0,840.0,4839.0,60.0,57773.39006099788,57734.46724470135,-0.7533468884212198,b3620733
2026-08-14T09:46:06+05:30,WAIT,Neutral,Ignore,Neutral,None,None,Low,Flat,Above,Rejected,Above,None,None,,,,,,2026-08-14T09:45:00+05:30,57770.0,57770.0,57770.0,57770.0,57770.0,840.0,4839.0,66.0,57773.39006099788,57734.46724470135,-0.7533468884212198,b3620733
2026-08-14T09:47:00+05:30,WAIT,Neutral,Ignore,Neutral,Bullish,None,Normal,Flat,Above,Above,Above,None,Bullish,,,,,,2026-08-14T09:45:00+05:30,57790.0,57770.0,57790.0,57770.0,57790.0,1830.0,4839.0,120.0,57777.02642463425,57735.33617828355,3.636363636367605,b3620733
2026-08-14T09:47:22+05:30,WAIT,Neutral,Ignore,Neutral,Bullish,None,Low,Flat,Above,Above,Above,None,Bullish,,,,,,2026-08-14T09:45:00+05:30,57790.0,57770.0,57790.0,57770.0,57790.0,1830.0,4839.0,142.0,57777.02642463425,57735.33617828355,3.636363636367605,b3620733
2026-08-14T09:48:00+05:30,WAIT,Neutral,Ignore,Neutral,Bullish,None,Normal,Flat,Above,Above,Above,None,Bullish,,,,,,2026-08-14T09:45:00+05:30,57800.0,57770.0,57800.0,57770.0,57800.0,3390.0,4839.0,180.0,57778.84460645243,57736.89217954651,1.8181818181838025,b3620733
2026-08-14T09:49:00+05:30,WAIT,Neutral,Ignore,Neutral,Bullish,None,High,Flat,Above,Above,Above,None,Bullish,,,,,,2026-08-14T09:45:00+05:30,57816.0,57770.0,57816.0,57770.0,57816.0,8970.0,4839.0,240.0,57781.75369736152,57743.161482743926,2.9090909090882633,b3620733
2026-08-14T09:51:00+05:30,WAIT,Neutral,Ignore,Bullish,None,None,High,Rising,Above,Above,Above,None,None,,,,,,2026-08-14T09:50:00+05:30,57814.0,57814.0,57814.0,57814.0,57814.0,1590.0,5533.5,60.0,57788.21170279992,57750.22093472383,5.73073271112662,b3620733
2026-08-14T09:51:10+05:30,WAIT,Neutral,Ignore,Bullish,None,None,Normal,Rising,Above,Above,Above,None,None,,,,,,2026-08-14T09:50:00+05:30,57814.0,57814.0,57814.0,57814.0,57814.0,1590.0,5533.5,70.0,57788.21170279992,57750.22093472383,5.73073271112662,b3620733
2026-08-14T09:51:48+05:30,WAIT,Neutral,Ignore,Bullish,None,None,Low,Rising,Above,Above,Above,None,None,,,,,,2026-08-14T09:50:00+05:30,57814.0,57814.0,57814.0,57814.0,57814.0,1590.0,5533.5,108.0,57788.21170279992,57750.22093472383,5.73073271112662,b3620733
2026-08-14T09:52:00+05:30,WAIT,Neutral,Ignore,Bullish,None,None,Normal,Rising,Above,Above,Above,None,None,,,,,,2026-08-14T09:50:00+05:30,57800.0,57814.0,57814.0,57800.0,57800.0,2730.0,5533.5,120.0,57785.66624825446,57750.94099733536,-2.5454545454558684,b3620733
2026-08-14T09:53:20+05:30,WAIT,Neutral,Ignore,Bullish,None,None,Low,Rising,Above,Above,Above,None,None,,,,,,2026-08-14T09:50:00+05:30,57802.0,57814.0,57814.0,57800.0,57802.0,2940.0,5533.5,200.0,57786.0298846181,57751.07668944571,0.3636363636396709,b3620733
2026-08-14T09:55:00+05:30,WAIT,Neutral,Ignore,Neutral,Bearish,None,Low,Rising,At,Below,Above,None,None,,,,,,2026-08-14T09:50:00+05:30,57765.0,57814.0,57814.0,57765.0,57765.0,4320.0,5718.0,300.0,57779.30261189083,57751.548880597016,-4.545454545455868,b3620733
2026-08-14T09:56:00+05:30,WAIT,Neutral,Ignore,Neutral,None,None,High,Flat,At,Below,Above,None,None,,,,,,2026-08-14T09:55:00+05:30,57765.0,57765.0,57765.0,57765.0,57765.0,1980.0,5718.0,60.0,57776.70213700159,57751.872177713034,-2.6004748892446514,b3620733
2026-08-14T09:56:24+05:30,WAIT,Neutral,Ignore,Neutral,None,None,Normal,Flat,At,Below,Above,None,None,,,,,,2026-08-14T09:55:00+05:30,57765.0,57765.0,57765.0,57765.0,57765.0,1980.0,5718.0,84.0,57776.70213700159,57751.872177713034,-2.6004748892446514,b3620733
2026-08-14T09:57:00+05:30,WAIT,Neutral,Ignore,Neutral,None,None,Normal,Flat,At,Below,Above,None,Bullish,,,,,,2026-08-14T09:55:00+05:30,57770.0,57765.0,57770.0,57765.0,57770.0,2190.0,5718.0,120.0,57777.61122791068,57751.91827097712,0.9090909090955392,b3620733
2026-08-14T09:57:24+05:30,WAIT,Neutral,Ignore,Neutral,None,None,Low,Flat,At,Below,Above,None,Bullish,,,,,,2026-08-14T09:55:00+05:30,57770.0,57765.0,57770.0,57765.0,57770.0,2190.0,5718.0,144.0,57777.61122791068,57751.91827097712,0.9090909090955392,b3620733
2026-08-14T09:58:00+05:30,WAIT,Neutral,Ignore,Neutral,None,None,Normal,Flat,At,Rejected,Above,None,Bullish,,,,,,2026-08-14T09:55:00+05:30,57775.0,57765.0,57775.0,57765.0,57775.0,2970.0,5718.0,180.0,57778.52031881977,57752.13422094278,0.9090909090882633,b3620733
2026-08-14T09:58:16+05:30,WAIT,Neutral,Ignore,Neutral,None,None,Low,Flat,At,Rejected,Above,None,Bullish,,,,,,2026-08-14T09:55:00+05:30,57775.0,57765.0,57775.0,57765.0,57775.0,2970.0,5718.0,196.0,57778.52031881977,57752.13422094278,0.9090909090882633,b3620733
2026-08-14T09:59:00+05:30,WAIT,Neutral,Ignore,Neutral,None,None,Low,Flat,At,Below,Above,None,Bullish,,,,,,2026-08-14T09:55:00+05:30,57773.2,57765.0,57775.0,57765.0,57773.2,3180.0,5718.0,240.0,57778.1930460925,57752.18715003589,-0.32727272727061063,b3620733
2026-08-14T10:00:00+05:30,WAIT,Neutral,Ignore,Neutral,Bullish,None,Low,Flat,Above,Above,Above,None,Bullish,,,,,,2026-08-14T09:55:00+05:30,57789.0,57765.0,57789.0,57765.0,57789.0,3780.0,5722.5,300.0,57781.065773365226,57752.449536707056,2.872727272726479,b3620733
2026-08-14T10:01:00+05:30,WAIT,Neutral,Ignore,Neutral,None,None,Low,Flat,Above,Above,Above,None,None,,,,,,2026-08-14T10:00:00+05:30,57792.4,57792.4,57792.4,57792.4,57792.4,390.0,5722.5,60.0,57783.12654184428,57752.63377084072,2.060768479052058,b3620733
2026-08-14T10:03:00+05:30,WAIT,Neutral,Ignore,Neutral,None,None,Low,Flat,Above,Rejected,Above,None,None,,,,,,2026-08-14T10:00:00+05:30,57785.0,57792.4,57792.4,57785.0,57785.0,870.0,5722.5,180.0,57781.78108729882,57752.817848324514,-0.07272727273084456,b3620733
2026-08-14T10:04:00+05:30,WAIT,Neutral,Ignore,Neutral,None,Bullish,Low,Flat,Above,Above,Above,None,Bullish,,,,,,2026-08-14T10:00:00+05:30,57802.4,57792.4,57802.4,57785.0,57802.4,1290.0,5722.5,240.0,57784.944723662455,57753.06149526149,3.1636363636353053,b3620733
2026-08-14T10:05:00+05:30,WAIT,Neutral,Ignore,Neutral,Bearish,Bearish,Low,Flat,At,Below,Above,None,None,,,,,,2026-08-14T10:00:00+05:30,57771.8,57792.4,57802.4,57771.8,57771.8,1410.0,5523.0,300.0,57779.381087298825,57753.08776726253,-5.5636363636294845,b3620733
2026-08-14T10:06:00+05:30,WAIT,Neutral,Ignore,Neutral,None,None,Low,Flat,At,Below,Above,None,None,,,,,,2026-08-14T10:05:00+05:30,57772.0,57772.0,57772.0,57772.0,57772.0,180.0,5523.0,60.0,57778.03907142631,57753.12745715285,-1.3420158725130023,b3620733
2026-08-14T10:08:00+05:30,WAIT,Neutral,Ignore,Bullish,Bullish,Bullish,Low,Flat,Above,Above,Above,None,Bullish,,volume,,,,2026-08-14T10:05:00+05:30,57798.8,57772.0,57798.8,57770.0,57798.8,750.0,5523.0,180.0,57782.91179869904,57753.318902015286,5.23636363636615,b3620733
2026-08-14T10:11:00+05:30,WAIT,Neutral,Ignore,Bullish,None,None,High,Rising,Above,Above,Above,None,None,,,,,,2026-08-14T10:10:00+05:30,57875.0,57875.0,57875.0,57875.0,57875.0,5220.0,5583.0,60.0,57802.80882703475,57761.42411029176,16.042482881166507,b3620733
2026-08-14T10:13:00+05:30,WAIT,Neutral,Ignore,Neutral,None,None,High,Rising,Above,Above,Above,None,None,,,,,,2026-08-14T10:10:00+05:30,57820.0,57875.0,57875.0,57820.0,57820.0,9720.0,5583.0,180.0,57792.80882703475,57765.053472009786,-5.890909090907371,b3620733
2026-08-14T10:16:00+05:30,WAIT,Neutral,Ignore,Bullish,None,None,Low,Flat,Above,Above,Above,None,None,,,,,,2026-08-14T10:15:00+05:30,57825.0,57825.0,57825.0,57825.0,57825.0,330.0,6052.5,60.0,57800.59565187141,57765.70332929782,5.4231884730179445,b3620733
2026-08-14T10:19:00+05:30,WAIT,Neutral,Ignore,Bullish,None,None,Low,Flat,Above,Rejected,Above,None,None,,,,,,2026-08-14T10:15:00+05:30,57800.0,57825.0,57825.0,57800.0,57800.0,1800.0,6052.5,240.0,57796.05019732595,57766.40375782881,-0.18181818182347342,b3620733
2026-08-14T10:20:00+05:30,WAIT,Neutral,Ignore,Neutral,Bearish,None,Low,Rising,At,Below,Above,Bullish,None,,,,,,2026-08-14T10:15:00+05:30,57771.0,57825.0,57825.0,57771.0,57771.0,3810.0,6159.0,300.0,57790.77747005323,57766.49380116959,-5.272727272720658,b3620733
2026-08-14T10:21:00+05:30,WAIT,Neutral,Ignore,Neutral,None,None,Unknown,Flat,Above,Below,Above,None,None,,,,,,2026-08-14T10:20:00+05:30,57790.0,57790.0,57790.0,57790.0,57790.0,1170.0,6159.0,60.0,57790.636111861735,57766.75883203238,-0.1413581914966926,b3620733
2026-08-14T10:21:12+05:30,WAIT,Neutral,Ignore,Neutral,None,None,Low,Flat,Above,Below,Above,None,None,,,,,,2026-08-14T10:20:00+05:30,57790.0,57790.0,57790.0,57790.0,57790.0,1170.0,6159.0,72.0,57790.636111861735,57766.75883203238,-0.1413581914966926,b3620733
2026-08-14T10:22:00+05:30,WAIT,Neutral,Ignore,Neutral,Bearish,None,Low,Flat,At,Below,Above,Bullish,None,,,,,,2026-08-14T10:20:00+05:30,57771.0,57790.0,57790.0,57771.0,57771.0,1560.0,6159.0,120.0,57787.18156640719,57766.77471198157,-3.4545454545441316,b3620733
2026-08-14T10:25:00+05:30,WAIT,Neutral,Ignore,Neutral,Bearish,None,Low,Flat,Below,Below,Above,Bearish,Bearish,,,,,,2026-08-14T10:20:00+05:30,57755.0,57790.0,57790.0,57755.0,57755.0,2520.0,6156.0,300.0,57784.272475498095,57766.73099315068,-3.127272727273521,b3620733
2026-08-14T10:26:00+05:30,WAIT,Neutral,Ignore,Neutral,None,None,Low,Flat,At,Below,Above,None,None,,,,,,2026-08-14T10:25:00+05:30,57779.0,57779.0,57779.0,57779.0,57779.0,300.0,6156.0,60.0,57783.31384358935,57766.76590779738,-0.9586319087466109,b3620733
2026-08-14T10:27:00+05:30,WAIT,Neutral,Ignore,Bearish,Bearish,None,Low,Rising,Below,Below,Above,Bearish,Bearish,,,,,volume,2026-08-14T10:25:00+05:30,57753.0,57779.0,57779.0,57753.0,57753.0,1680.0,6156.0,120.0,57778.58657086208,57766.58803370786,-4.727272727272066,b3620733
2026-08-14T10:30:00+05:30,WAIT,Neutral,Ignore,Bearish,None,None,Low,Rising,At,Below,Above,Bearish,None,,,,,,2026-08-14T10:25:00+05:30,57764.8,57779.0,57779.0,57750.0,57764.8,2370.0,6117.0,300.0,57780.73202540753,57766.51091264304,2.6909090909102815,b3620733
2026-08-14T10:31:00+05:30,WAIT,Neutral,Ignore,Bearish,None,None,High,Flat,Below,Below,Above,None,None,,,,,,2026-08-14T10:30:00+05:30,57750.0,57750.0,57750.0,57750.0,57750.0,5490.0,6117.0,60.0,57775.14438442434,57765.708603292616,-5.587640983190795,b3620733
2026-08-14T10:32:00+05:30,WAIT,Neutral,Ignore,Bearish,None,None,High,Rising,Below,Below,Below,None,Bearish,,,,,pullback,2026-08-14T10:30:00+05:30,57705.2,57750.0,57750.0,57705.2,57705.2,12000.0,6117.0,120.0,57766.998929878886,57762.41200100427,-8.145454545454413,b3620733
2026-08-14T10:36:00+05:30,WAIT,Neutral,Ignore,Bearish,None,None,Unknown,Flat,Below,Below,Above,None,None,,,,,,2026-08-14T10:35:00+05:30,57724.4,57724.4,57724.4,57724.4,57724.4,1230.0,6871.5,60.0,57758.480116181905,57759.822509578546,-7.5733591515308945,b3620733
2026-08-14T10:36:08+05:30,WAIT,Neutral,Ignore,Bearish,None,None,Low,Flat,Below,Below,Above,None,None,,,,,,2026-08-14T10:35:00+05:30,57724.4,57724.4,57724.4,57724.4,57724.4,1230.0,6871.5,68.0,57758.480116181905,57759.822509578546,-7.5733591515308945,b3620733
2026-08-14T10:37:00+05:30,WAIT,Neutral,Ignore,Bearish,None,None,Low,Flat,Below,Below,Rejected,None,Bearish,,,,,,2026-08-14T10:35:00+05:30,57705.0,57724.4,57724.4,57705.0,57705.0,1620.0,6871.5,120.0,57754.95284345463,57759.65237526856,-3.527272727274976,b3620733
2026-08-14T10:39:00+05:30,WAIT,Neutral,Ignore,Bearish,None,None,Low,Rising,Below,Below,Above,None,None,,,,,,2026-08-14T10:35:00+05:30,57721.0,57724.4,57724.4,57705.0,57721.0,2820.0,6871.5,240.0,57757.86193436372,57759.22624733979,2.9090909090882633,b3620733
2026-08-14T10:40:00+05:30,WAIT,Neutral,Ignore,Bearish,None,None,Low,Flat,Below,Below,Above,None,None,,,,,,2026-08-14T10:35:00+05:30,57718.8,57724.4,57724.4,57705.0,57718.8,3300.0,6883.5,300.0,57757.461934363724,57759.07387514723,-0.39999999999417923,b3620733
2026-08-14T10:41:00+05:30,WAIT,Neutral,Ignore,Bearish,None,None,Low,Flat,Below,Below,Rejected,None,None,,,,,,2026-08-14T10:40:00+05:30,57707.0,57707.0,57707.0,57707.0,57707.0,1140.0,6883.5,60.0,57748.28703720668,57758.6118608452,-9.174897157041414,b3620733
2026-08-14T10:42:00+05:30,WAIT,Neutral,Ignore,Bearish,None,None,Low,Rising,Below,Below,Rejected,None,None,,,,,,2026-08-14T10:40:00+05:30,57707.2,57707.0,57707.2,57707.0,57707.2,1500.0,6883.5,120.0,57748.323400843045,57758.46821885914,0.0363636363617843,b3620733
2026-08-14T10:43:00+05:30,WAIT,Neutral,Ignore,Bearish,None,None,Low,Rising,Below,Below,Above,None,None,,,,,,2026-08-14T10:40:00+05:30,57718.8,57707.0,57718.8,57707.0,57718.8,1980.0,6883.5,180.0,57750.43249175214,57758.320992809095,2.109090909092629,b3620733
2026-08-14T10:45:00+05:30,WAIT,Neutral,Ignore,Bearish,None,None,Low,Flat,Below,Below,Rejected,None,None,,,,,,2026-08-14T10:40:00+05:30,57710.0,57707.0,57719.0,57707.0,57710.0,2640.0,6885.0,300.0,57748.83249175214,57758.090191553194,-1.636363636360329,b3620733
2026-08-14T10:46:00+05:30,WAIT,Neutral,Ignore,Bearish,None,None,Low,Flat,Below,Below,Above,None,None,,,,,,2026-08-14T10:45:00+05:30,57717.8,57717.8,57717.8,57717.8,57717.8,1140.0,6885.0,60.0,57743.19022052448,57757.7399222146,-5.642271227661695,b3620733
2026-08-14T10:47:00+05:30,WAIT,Neutral,Ignore,Bearish,None,None,Low,Flat,Below,Below,Rejected,None,Bearish,,,,,,2026-08-14T10:45:00+05:30,57705.6,57717.8,57717.8,57705.6,57705.6,1590.0,6885.0,120.0,57740.97203870629,57757.561605107156,-2.2181818181852577,b3620733
2026-08-14T10:48:00+05:30,WAIT,Neutral,Ignore,Bearish,None,None,Low,Rising,Below,Below,Rejected,None,Bearish,,,,,,2026-08-14T10:45:00+05:30,57705.2,57717.8,57717.8,57705.2,57705.2,1920.0,6885.0,180.0,57740.89931143357,57757.43061178076,-0.0727272727235686,b3620733
2026-08-14T10:50:00+05:30,WAIT,Neutral,Ignore,Bearish,None,None,Low,Flat,At,Below,Rejected,None,Bearish,,,,,,2026-08-14T10:45:00+05:30,57709.0,57717.8,57717.8,57705.2,57709.0,3030.0,6898.5,300.0,57741.59022052448,57757.02647722147,0.0,b3620733
2026-08-14T10:51:00+05:30,WAIT,Neutral,Ignore,Bearish,None,None,Low,Flat,At,Below,Above,None,None,,,,,,2026-08-14T10:50:00+05:30,57718.0,57718.0,57718.0,57718.0,57718.0,420.0,6898.5,60.0,57737.30108952003,57756.903642086334,-4.28913100445061,b3620733
2026-08-14T10:52:00+05:30,WAIT,Neutral,Ignore,Neutral,Bullish,None,Low,Flat,Above,Below,Above,Bearish,None,,,,,,2026-08-14T10:50:00+05:30,57748.4,57718.0,57748.4,57718.0,57748.4,1770.0,6898.5,120.0,57742.8283622473,57756.8184731805,5.527272727274976,b3620733
2026-08-14T10:53:00+05:30,WAIT,Neutral,Ignore,Neutral,Bearish,None,Low,Flat,Above,Below,Above,Bearish,None,,,,,,2026-08-14T10:50:00+05:30,57740.0,57718.0,57748.4,57718.0,57740.0,1860.0,6898.5,180.0,57741.30108952003,57756.80725088968,-1.5272727272749762,b3620733
2026-08-14T10:54:00+05:30,WAIT,Neutral,Ignore,Neutral,Bearish,None,Low,Flat,At,Below,Above,Bearish,None,,,,,,2026-08-14T10:50:00+05:30,57718.4,57718.0,57748.4,57718.0,57718.4,2400.0,6898.5,240.0,57737.37381679276,57756.654098360654,-3.9272727272691554,b3620733
2026-08-14T10:55:00+05:30,WAIT,Neutral,Ignore,Neutral,Bullish,None,Low,Flat,Above,Below,Above,Bearish,None,,,,,,2026-08-14T10:50:00+05:30,57743.8,57718.0,57748.4,57718.0,57743.8,2880.0,6795.0,300.0,57741.99199861094,57756.60869757174,4.618181818179437,b3620733
2026-08-14T10:56:00+05:30,WAIT,Neutral,Ignore,Neutral,None,None,Unknown,Flat,Above,Below,Above,None,None,,,,,,2026-08-14T10:55:00+05:30,57735.0,57735.0,57735.0,57735.0,57735.0,1680.0,6795.0,60.0,57740.72072613622,57756.34483209769,-1.271272474717989,b3620733
2026-08-14T10:56:34+05:30,WAIT,Neutral,Ignore,Neutral,None,None,Low,Flat,Above,Below,Above,None,None,,,,,,2026-08-14T10:55:00+05:30,57735.0,57735.0,57735.0,57735.0,57735.0,1680.0,6795.0,94.0,57740.72072613622,57756.34483209769,-1.271272474717989,b3620733
2026-08-14T10:58:00+05:30,WAIT,Neutral,Ignore,Bearish,None,None,Low,Rising,At,Below,Rejected,None,Bearish,,,,,,2026-08-14T10:55:00+05:30,57711.0,57735.0,57735.0,57711.0,57711.0,1920.0,6795.0,180.0,57736.35708977259,57756.26586852416,-4.363636363632395,b3620733
2026-08-14T10:59:00+05:30,WAIT,Neutral,Ignore,Bearish,Bearish,None,Low,Rising,Below,Below,Below,None,Bearish,,,,,,2026-08-14T10:55:00+05:30,57701.0,57735.0,57735.0,57701.0,57701.0,2370.0,6795.0,240.0,57734.538907954404,57756.08600564114,-1.8181818181838025,b3620733
2026-08-14T11:00:00+05:30,WAIT,Neutral,Ignore,Bearish,Bearish,None,Low,Flat,Below,Below,Below,None,Bearish,,,,,,2026-08-14T10:55:00+05:30,57685.0,57735.0,57735.0,57685.0,57685.0,3900.0,6081.0,300.0,57731.629817045316,57755.308025751074,-2.9090909090882633,b3620733
2026-08-14T11:01:00+05:30,WAIT,Neutral,Ignore,Bearish,None,None,High,Flat,Below,Below,Below,None,None,,,,,,2026-08-14T11:00:00+05:30,57670.0,57670.0,57670.0,57670.0,57670.0,3300.0,6081.0,60.0,57720.42439576435,57753.340754716985,-11.20542128096713,b3620733
2026-08-14T11:02:44+05:30,WAIT,Neutral,Ignore,Bearish,None,None,Normal,Flat,Below,Below,Below,None,None,,,,,,2026-08-14T11:00:00+05:30,57670.0,57670.0,57670.0,57670.0,57670.0,4110.0,6081.0,164.0,57720.42439576435,57752.87166979362,0.0,b3620733
2026-08-14T11:03:00+05:30,WAIT,Neutral,Ignore,Bearish,None,None,High,Flat,Below,Below,Below,None,None,,,,,,2026-08-14T11:00:00+05:30,57685.8,57670.0,57685.8,57670.0,57685.8,5040.0,6081.0,180.0,57723.297123037075,57752.441010770504,2.872727272726479,b3620733
2026-08-14T11:03:20+05:30,WAIT,Neutral,Ignore,Bearish,None,None,Normal,Flat,Below,Below,Below,None,None,,,,,,2026-08-14T11:00:00+05:30,57685.8,57670.0,57685.8,57670.0,57685.8,5040.0,6081.0,200.0,57723.297123037075,57752.441010770504,2.872727272726479,b3620733
2026-08-14T11:06:00+05:30,WAIT,Neutral,Ignore,Bearish,None,None,Low,Flat,Below,Below,Rejected,None,None,,,,,,2026-08-14T11:05:00+05:30,57700.0,57700.0,57700.0,57700.0,57700.0,810.0,5907.0,60.0,57718.97202628653,57751.611363171876,-4.216005841451988,b3620733
2026-08-14T11:08:00+05:30,WAIT,Neutral,Ignore,Bearish,None,Bearish,Low,Rising,Below,Below,Below,None,Bearish,,,,,,2026-08-14T11:05:00+05:30,57680.0,57700.0,57703.4,57680.0,57680.0,2100.0,5907.0,180.0,57715.33566265017,57751.08707455429,-4.254545454539766,b3620733
2026-08-14T11:11:00+05:30,WAIT,Neutral,Ignore,Bearish,None,None,Low,Flat,Below,Below,Below,None,None,,,,,,2026-08-14T11:10:00+05:30,57680.0,57680.0,57680.0,57680.0,57680.0,570.0,5719.5,60.0,57708.91099671378,57750.37420778179,-6.424665936392557,b3620733
2026-08-14T11:12:00+05:30,WAIT,Neutral,Ignore,Bearish,None,None,Normal,Flat,Below,Below,Below,None,Bearish,,,,,pullback,2026-08-14T11:10:00+05:30,57670.6,57680.0,57680.0,57670.6,57670.6,2280.0,5719.5,120.0,57707.201905804686,57749.472536188776,-1.7090909090911737,b3620733
2026-08-14T11:12:30+05:30,WAIT,Neutral,Ignore,Bearish,None,None,Low,Flat,Below,Below,Below,None,Bearish,,,,,,2026-08-14T11:10:00+05:30,57670.6,57680.0,57680.0,57670.6,57670.6,2280.0,5719.5,150.0,57707.201905804686,57749.472536188776,-1.7090909090911737,b3620733
2026-08-14T11:13:00+05:30,WAIT,Neutral,Ignore,Bearish,None,None,High,Rising,Below,Below,Below,None,Bearish,,,,,pullback,2026-08-14T11:10:00+05:30,57670.0,57680.0,57680.0,57670.0,57670.0,4980.0,5719.5,180.0,57707.09281489559,57748.0790960452,-0.10909090909262886,b3620733
2026-08-14T11:13:30+05:30,WAIT,Neutral,Ignore,Bearish,None,None,Normal,Rising,Below,Below,Below,None,Bearish,,,,,pullback,2026-08-14T11:10:00+05:30,57670.0,57680.0,57680.0,57670.0,57670.0,4980.0,5719.5,210.0,57707.09281489559,57748.0790960452,-0.10909090909262886,b3620733
2026-08-14T11:14:00+05:30,WAIT,Neutral,Ignore,Bearish,None,None,High,Rising,Below,Below,Below,None,Bearish,,,,,pullback,2026-08-14T11:10:00+05:30,57665.2,57680.0,57680.0,57665.2,57665.2,7920.0,5719.5,240.0,57706.22008762287,57746.52640030587,-0.872727272726479,b3620733
2026-08-14T11:15:00+05:30,WAIT,Neutral,Ignore,Bearish,None,None,High,Rising,Below,Below,Below,None,None,,,,,,2026-08-14T11:10:00+05:30,57675.0,57680.0,57680.0,57665.2,57675.0,8940.0,5185.5,300.0,57708.00190580468,57746.0645014245,1.7818181818147423,b3620733
2026-08-14T11:16:00+05:30,WAIT,Neutral,Ignore,Bearish,None,None,Low,Flat,Below,Below,Below,None,None,,,,,,2026-08-14T11:15:00+05:30,57670.4,57670.4,57670.4,57670.4,57670.4,450.0,5185.5,60.0,57701.165195658374,57745.84954545455,-6.836710146308178,b3620733
2026-08-14T11:17:00+05:30,WAIT,Neutral,Ignore,Bearish,None,None,Low,Flat,Below,Below,Below,None,Bearish,,,,,,2026-08-14T11:15:00+05:30,57670.0,57670.4,57670.4,57670.0,57670.0,1470.0,5185.5,120.0,57701.09246838565,57745.36424538954,-0.0727272727235686,b3620733
2026-08-14T11:18:00+05:30,WAIT,Neutral,Ignore,Bearish,None,None,Low,Flat,Below,Below,Below,None,None,,,,,,2026-08-14T11:15:00+05:30,57671.0,57670.4,57671.0,57670.0,57671.0,1740.0,5185.5,180.0,57701.274286567466,57745.23851211723,0.18181818181619747,b3620733
2026-08-14T11:19:00+05:30,WAIT,Neutral,Ignore,Bearish,None,Bearish,Low,Rising,Below,Below,Below,None,Bearish,,,,,,2026-08-14T11:15:00+05:30,57670.2,57670.4,57671.0,57670.0,57670.2,2850.0,5185.5,240.0,57701.12883202201,57744.72052238806,-0.14545454545441316,b3620733
2026-08-14T11:20:00+05:30,WAIT,Neutral,Ignore,Bearish,None,None,Low,Flat,Below,Below,Below,None,None,,,,,,2026-08-14T11:15:00+05:30,57674.0,57670.4,57674.0,57670.0,57674.0,4050.0,5118.0,300.0,57701.81974111292,57744.19666666666,0.6909090909102815,b3620733
2026-08-14T11:21:00+05:30,WAIT,Neutral,Ignore,Bearish,None,None,Low,Flat,Below,Below,Rejected,None,None,,,,,,2026-08-14T11:20:00+05:30,57700.0,57700.0,57700.0,57700.0,57700.0,360.0,5118.0,60.0,57701.488879092394,57744.09866962306,-0.3308620205280022,b3620733
2026-08-14T11:22:00+05:30,WAIT,Neutral,Ignore,Bearish,Bullish,None,Low,Flat,Below,Below,Rejected,None,None,,,,,,2026-08-14T11:20:00+05:30,57702.0,57700.0,57702.0,57700.0,57702.0,600.0,5118.0,120.0,57701.85251545603,57744.03653136532,0.36363636363239493,b3620733
2026-08-14T11:23:00+05:30,WAIT,Neutral,Ignore,Bearish,Bearish,Bearish,Low,Flat,Below,Below,Below,None,Bearish,,,volume,,,2026-08-14T11:20:00+05:30,57680.0,57700.0,57702.0,57680.0,57680.0,2160.0,5118.0,180.0,57697.85251545603,57743.427997076025,-4.0,b3620733
2026-08-14T11:24:00+05:30,WAIT,Neutral,Ignore,Bearish,Bearish,Bearish,Low,Rising,Below,Below,Below,None,Bearish,,,volume,,,2026-08-14T11:20:00+05:30,57670.0,57700.0,57702.0,57670.0,57670.0,3120.0,5118.0,240.0,57696.03433363784,57743.00109011628,-1.8181818181838025,b3620733
2026-08-14T11:25:00+05:30,ENTRY,Short,A,Bearish,Bearish,Bearish,Normal,Rising,Below,Below,Below,None,Bearish,ema,,,,pullback,2026-08-14T11:20:00+05:30,57666.2,57700.0,57702.0,57666.2,57666.2,6570.0,5356.5,300.0,57695.34342454693,57741.42925787507,-0.6909090909102815,b3620733
2026-08-14T11:26:00+05:30,WAIT,Neutral,Ignore,Bearish,None,None,Low,Flat,Below,Below,Below,None,None,,,,,,2026-08-14T11:25:00+05:30,57660.0,57660.0,57660.0,57660.0,57660.0,480.0,5356.5,60.0,57688.91734735658,57741.19804791482,-6.426077190350043,b3620733
2026-08-14T11:27:00+05:30,WAIT,Neutral,Ignore,Bearish,None,None,Low,Flat,Below,Below,Below,None,Bearish,,,,,,2026-08-14T11:25:00+05:30,57658.0,57660.0,57660.0,57658.0,57658.0,1710.0,5356.5,120.0,57688.55371099294,57740.59707540522,-0.3636363636396709,b3620733
2026-08-14T11:28:00+05:30,WAIT,Neutral,Ignore,Bearish,None,None,High,Rising,Below,Below,Below,None,Bearish,,,,,pullback,2026-08-14T11:25:00+05:30,57650.0,57660.0,57660.0,57650.0,57650.0,4260.0,5356.5,180.0,57687.0991655384,57739.260371463286,-1.4545454545441316,b3620733
2026-08-14T11:28:12+05:30,WAIT,Neutral,Ignore,Bearish,None,None,Normal,Rising,Below,Below,Below,None,Bearish,,,,,pullback,2026-08-14T11:25:00+05:30,57650.0,57660.0,57660.0,57650.0,57650.0,4260.0,5356.5,192.0,57687.0991655384,57739.260371463286,-1.4545454545441316,b3620733
2026-08-14T11:29:00+05:30,WAIT,Neutral,Ignore,Bearish,None,None,High,Rising,Below,Below,Below,None,Bearish,,,,,pullback,2026-08-14T11:25:00+05:30,57609.0,57660.0,57660.0,57609.0,57609.0,10500.0,5356.5,240.0,57679.644620083855,57734.72122633607,-7.454545454544132,b3620733
2026-08-14T11:31:00+05:30,WAIT,Neutral,Ignore,Bearish,None,None,High,Falling,Below,Below,Below,None,None,,,,,,2026-08-14T11:30:00+05:30,57584.6,57584.6,57584.6,57584.6,57584.6,27360.0,5287.5,60.0,57661.262953622325,57713.33047468808,-17.036211916070897,b3620733
2026-08-14T11:36:00+05:30,WAIT,Neutral,Ignore,Bearish,None,None,Unknown,Flat,Below,Below,Below,None,None,,,,,,2026-08-14T11:35:00+05:30,57614.6,57614.6,57614.6,57614.6,57614.6,1530.0,6601.5,60.0,57657.152333955455,57710.984155916994,-9.456074212321255,b3620733
2026-08-14T11:36:28+05:30,WAIT,Neutral,Ignore,Bearish,None,None,Low,Flat,Below,Below,Below,None,None,,,,,,2026-08-14T11:35:00+05:30,57614.6,57614.6,57614.6,57614.6,57614.6,1530.0,6601.5,88.0,57657.152333955455,57710.984155916994,-9.456074212321255,b3620733
2026-08-14T11:37:00+05:30,WAIT,Neutral,Ignore,Bearish,None,None,Low,Falling,Below,Below,Below,None,None,,,,,,2026-08-14T11:35:00+05:30,57619.6,57614.6,57619.6,57614.6,57619.6,2040.0,6601.5,120.0,57658.06142486454,57710.766848510284,0.9090909090882633,b3620733
2026-08-14T11:38:00+05:30,WAIT,Neutral,Ignore,Bearish,None,Bearish,Normal,Flat,Below,Below,Below,None,Bearish,,,pullback,,pullback,2026-08-14T11:35:00+05:30,57575.0,57614.6,57619.6,57575.0,57575.0,3450.0,6601.5,180.0,57649.95233395545,57709.88010005558,-8.109090909092629,b3620733
2026-08-14T11:38:16+05:30,WAIT,Neutral,Ignore,Bearish,None,Bearish,Low,Flat,Below,Below,Below,None,Bearish,,,,,,2026-08-14T11:35:00+05:30,57575.0,57614.6,57619.6,57575.0,57575.0,3450.0,6601.5,196.0,57649.95233395545,57709.88010005558,-8.109090909092629,b3620733
2026-08-14T11:39:00+05:30,WAIT,Neutral,Ignore,Bearish,None,Bearish,Normal,Flat,Below,Below,Below,None,Bearish,,,pullback,,pullback,2026-08-14T11:35:00+05:30,57581.4,57614.6,57619.6,57575.0,57581.4,5340.0,6601.5,240.0,57651.11597031909,57708.765036506404,1.1636363636425813,b3620733
2026-08-14T11:40:00+05:30,WAIT,Neutral,Ignore,Bearish,None,Bearish,Normal,Falling,Below,Below,Below,None,None,,,,,,2026-08-14T11:35:00+05:30,57601.6,57614.6,57619.6,57575.0,57601.6,6030.0,6714.0,300.0,57654.788697591815,57708.42655863774,3.6727272727221134,b3620733
2026-08-14T11:41:00+05:30,WAIT,Neutral,Ignore,Bearish,None,None,Low,Flat,Below,Below,Below,None,None,,,,,,2026-08-14T11:40:00+05:30,57605.6,57605.6,57605.6,57605.6,57605.6,90.0,6714.0,60.0,57645.845298029664,57708.38421413864,-8.943399562151171,b3620733
2026-08-14T11:47:00+05:30,WAIT,Neutral,Ignore,Bearish,None,None,Normal,Flat,Below,Below,Below,None,None,,,,,,2026-08-14T11:45:00+05:30,57619.0,57611.6,57619.0,57611.6,57619.0,2400.0,6777.0,120.0,57643.10648351188,57706.4130183868,1.3454545454587787,b3620733
2026-08-14T11:47:14+05:30,WAIT,Neutral,Ignore,Bearish,None,None,Low,Flat,Below,Below,Below,None,None,,,,,,2026-08-14T11:45:00+05:30,57619.0,57611.6,57619.0,57611.6,57619.0,2400.0,6777.0,134.0,57643.10648351188,57706.4130183868,1.3454545454587787,b3620733
2026-08-14T11:48:00+05:30,WAIT,Neutral,Ignore,Bearish,None,None,Low,Falling,Below,Below,Below,None,None,,,,,,2026-08-14T11:45:00+05:30,57620.0,57611.6,57620.0,57611.6,57620.0,2910.0,6777.0,180.0,57643.2883016937,57706.21630958757,0.18181818181619747,b3620733
2026-08-14T11:49:00+05:30,WAIT,Neutral,Ignore,Bearish,None,None,Low,Flat,Below,Below,Below,None,None,,,,,,2026-08-14T11:45:00+05:30,57639.8,57611.6,57639.8,57611.6,57639.8,3270.0,6777.0,240.0,57646.888301693696,57706.10975935829,3.599999999998545,b3620733
2026-08-14T11:50:00+05:30,WAIT,Neutral,Ignore,Bearish,None,None,Low,Falling,Below,Below,Below,None,None,,,,,,2026-08-14T11:45:00+05:30,57622.0,57611.6,57639.8,57611.6,57622.0,3750.0,6826.5,300.0,57643.65193805733,57705.93022945571,-3.23636363636615,b3620733
2026-08-14T11:51:00+05:30,WAIT,Neutral,Ignore,Bearish,None,None,Low,Flat,Below,Below,Below,None,None,,,,,,2026-08-14T11:50:00+05:30,57620.0,57620.0,57620.0,57620.0,57620.0,720.0,6826.5,60.0,57639.35158568327,57705.655984042554,-4.300352374062641,b3620733
2026-08-14T11:52:00+05:30,WAIT,Neutral,Ignore,Bearish,None,None,Low,Rising,Below,Below,Below,None,None,,,,,,2026-08-14T11:50:00+05:30,57630.6,57620.0,57630.6,57620.0,57630.6,1590.0,6826.5,120.0,57641.278858410544,57705.367651344546,1.9272727272764314,b3620733
2026-08-14T11:53:00+05:30,WAIT,Neutral,Ignore,Bearish,None,None,Normal,Rising,Below,Below,Below,None,None,,,,,,2026-08-14T11:50:00+05:30,57631.0,57620.0,57631.0,57620.0,57631.0,4590.0,6826.5,180.0,57641.35158568327,57704.395398091256,0.0727272727235686,b3620733
2026-08-14T11:54:46+05:30,WAIT,Neutral,Ignore,Bearish,None,None,Low,Rising,Below,Below,Below,None,None,,,,,,2026-08-14T11:50:00+05:30,57620.0,57620.0,57631.0,57620.0,57620.0,5190.0,6826.5,286.0,57639.35158568327,57704.1753031686,-2.0,b3620733
2026-08-14T11:56:00+05:30,WAIT,Neutral,Ignore,Bearish,None,None,Low,Flat,Below,Below,Below,None,None,,,,,,2026-08-14T11:55:00+05:30,57629.6,57629.6,57629.6,57629.6,57629.6,480.0,6580.5,60.0,57637.876090765654,57703.902806652804,-1.8391312812527758,b3620733
2026-08-14T11:57:00+05:30,WAIT,Neutral,Ignore,Bearish,None,None,Low,Flat,Below,Below,Below,None,Bearish,,,,,,2026-08-14T11:55:00+05:30,57611.2,57629.6,57629.6,57611.2,57611.2,1050.0,6580.5,120.0,57634.530636220195,57703.67450421257,-3.3454545454587787,b3620733
2026-08-14T11:59:00+05:30,WAIT,Neutral,Ignore,Bearish,None,None,Low,Rising,Below,Below,Below,None,Bearish,,,,,,2026-08-14T11:55:00+05:30,57604.8,57629.6,57629.6,57604.8,57604.8,2370.0,6580.5,240.0,57633.36699985656,57703.12202603428,-0.4000000000014552,b3620733
2026-08-14T12:01:00+05:30,WAIT,Neutral,Ignore,Bearish,None,None,Low,Falling,Below,Below,Below,None,None,,,,,,2026-08-14T12:00:00+05:30,57605.0,57605.0,57605.0,57605.0,57605.0,180.0,6531.0,60.0,57628.14985938677,57702.856015424164,-5.144413197063841,b3620733
2026-08-14T12:02:00+05:30,WAIT,Neutral,Ignore,Bearish,None,None,Low,Falling,Below,Below,Below,None,Bearish,,,,,,2026-08-14T12:00:00+05:30,57603.0,57605.0,57605.0,57603.0,57603.0,660.0,6531.0,120.0,57627.78622302314,57702.65107747563,-0.36363636363239493,b3620733
2026-08-14T12:03:00+05:30,WAIT,Neutral,Ignore,Bearish,None,None,Low,Flat,Below,Below,Below,None,Bearish,,,,,,2026-08-14T12:00:00+05:30,57600.0,57605.0,57605.0,57600.0,57600.0,930.0,6531.0,180.0,57627.240768477684,57702.53270980141,-0.5454545454558684,b3620733
2026-08-14T12:05:00+05:30,WAIT,Neutral,Ignore,Bearish,None,None,Low,Falling,Below,Below,Below,None,Bearish,,,,,,2026-08-14T12:00:00+05:30,57590.0,57605.0,57605.0,57590.0,57590.0,2040.0,6507.0,300.0,57625.4225866595,57702.02229023208,-1.2727272727279342,b3620733
2026-08-14T12:06:00+05:30,WAIT,Neutral,Ignore,Bearish,None,None,Low,Flat,Below,Below,Below,None,None,,,,,,2026-08-14T12:05:00+05:30,57599.0,57599.0,57599.0,57599.0,57599.0,1080.0,6507.0,60.0,57620.61847999414,57701.55151053567,-4.80410666536045,b3620733
2026-08-14T12:08:00+05:30,WAIT,Neutral,Ignore,Neutral,Bullish,None,Low,Flat,Below,Below,Below,None,None,,,,,,2026-08-14T12:05:00+05:30,57632.6,57599.0,57632.6,57599.0,57632.6,1920.0,6507.0,180.0,57626.727570903226,57701.23081204149,5.236363636358874,b3620733
2026-08-14T12:10:00+05:30,WAIT,Neutral,Ignore,Neutral,Bearish,None,Low,Flat,Below,Below,Below,None,None,,,,,,2026-08-14T12:05:00+05:30,57610.0,57599.0,57632.6,57599.0,57610.0,2430.0,6510.0,300.0,57622.61847999414,57701.06199671842,-3.5272727272677002,b3620733
2026-08-14T12:11:00+05:30,WAIT,Neutral,Ignore,Neutral,None,None,Low,Flat,Below,Below,Below,None,None,,,,,,2026-08-14T12:10:00+05:30,57601.8,57601.8,57601.8,57601.8,57601.8,390.0,6510.0,60.0,57618.833301813385,57700.899395161294,-3.785178180754883,b3620733
2026-08-14T12:15:00+05:30,WAIT,Neutral,Ignore,Neutral,Bullish,None,Low,Falling,Below,Below,Below,None,None,,,,,,2026-08-14T12:10:00+05:30,57627.6,57601.8,57627.6,57601.8,57627.6,4200.0,5892.0,300.0,57623.524210904296,57699.65714994419,1.745454545452958,b3620733
2026-08-14T12:16:00+05:30,WAIT,Neutral,Ignore,Neutral,None,None,Low,Flat,Below,Below,Rejected,None,None,,,,,,2026-08-14T12:15:00+05:30,57631.0,57631.0,57631.0,57631.0,57631.0,900.0,5892.0,60.0,57624.88344528533,57699.40264426047,1.3592343810378225,b3620733
2026-08-14T12:18:00+05:30,WAIT,Neutral,Ignore,Neutral,Bearish,Bearish,Low,Flat,Below,Below,Below,None,Bearish,,,,,,2026-08-14T12:15:00+05:30,57619.4,57631.0,57634.6,57619.4,57619.4,2010.0,5892.0,180.0,57622.77435437624,57699.08528905289,-2.76363636363385,b3620733
2026-08-14T12:19:00+05:30,WAIT,Neutral,Ignore,Neutral,Bullish,None,Low,Flat,Below,Below,Below,None,None,,,,,,2026-08-14T12:15:00+05:30,57629.4,57631.0,57634.6,57619.4,57629.4,2310.0,5892.0,240.0,57624.592536194425,57698.99968058968,1.8181818181838025,b3620733
2026-08-14T12:20:00+05:30,WAIT,Neutral,Ignore,Neutral,Bullish,Bullish,Low,Falling,Below,Below,Rejected,None,None,,,,,,2026-08-14T12:15:00+05:30,57634.4,57631.0,57634.6,57619.4,57634.4,3030.0,5878.5,300.0,57625.50162710351,57698.809774620284,0.9090909090882633,b3620733
2026-08-14T12:21:00+05:30,WAIT,Neutral,Ignore,Neutral,None,None,Unknown,Flat,Below,Below,Above,None,None,,,,,,2026-08-14T12:20:00+05:30,57645.0,57645.0,57645.0,57645.0,57645.0,1230.0,5878.5,60.0,57629.04678581197,57698.5408897014,3.5451587084535277,b3620733
2026-08-14T12:21:20+05:30,WAIT,Neutral,Ignore,Neutral,None,None,Low,Flat,Below,Below,Above,None,None,,,,,,2026-08-14T12:20:00+05:30,57645.0,57645.0,57645.0,57645.0,57645.0,1230.0,5878.5,80.0,57629.04678581197,57698.5408897014,3.5451587084535277,b3620733
2026-08-14T12:27:00+05:30,WAIT,Neutral,Ignore,Neutral,None,None,Low,Flat,Below,Below,Above,None,Bearish,,,,,,2026-08-14T12:25:00+05:30,57650.0,57654.0,57654.0,57650.0,57650.0,1590.0,5938.5,120.0,57635.950675994914,57697.81131216297,-0.7272727272720658,b3620733
2026-08-14T12:28:00+05:30,WAIT,Neutral,Ignore,Neutral,None,Bullish,Low,Flat,Below,Below,Above,None,None,,,,,,2026-08-14T12:25:00+05:30,57659.0,57654.0,57659.0,57650.0,57659.0,2010.0,5938.5,180.0,57637.587039631275,57697.74630936715,1.636363636360329,b3620733
2026-08-14T12:29:00+05:30,WAIT,Neutral,Ignore,Neutral,None,Bullish,Low,Rising,Below,Below,Above,None,None,,,,,,2026-08-14T12:25:00+05:30,57659.0,57654.0,57659.0,57650.0,57659.0,2220.0,5938.5,240.0,57637.587039631275,57697.71388955295,0.0,b3620733
2026-08-14T12:30:00+05:30,WAIT,Neutral,Ignore,Neutral,None,None,Low,Rising,Below,Below,Above,None,Bearish,,,,,,2026-08-14T12:25:00+05:30,57646.0,57654.0,57659.0,57646.0,57646.0,2430.0,5908.5,300.0,57635.22340326764,57697.670655678965,-2.363636363632395,b3620733
2026-08-14T12:31:00+05:30,WAIT,Neutral,Ignore,Neutral,None,None,Unknown,Flat,Below,Below,Below,None,None,,,,,,2026-08-14T12:30:00+05:30,57626.0,57626.0,57626.0,57626.0,57626.0,1170.0,5908.5,60.0,57633.546420855346,57697.33837375178,-1.6769824122966384,b3620733
2026-08-14T12:31:16+05:30,WAIT,Neutral,Ignore,Neutral,None,None,Low,Flat,Below,Below,Below,None,None,,,,,,2026-08-14T12:30:00+05:30,57626.0,57626.0,57626.0,57626.0,57626.0,1170.0,5908.5,76.0,57633.546420855346,57697.33837375178,-1.6769824122966384,b3620733
2026-08-14T12:32:00+05:30,WAIT,Neutral,Ignore,Neutral,None,None,Low,Flat,Below,Below,Rejected,None,None,,,,,,2026-08-14T12:30:00+05:30,57630.0,57626.0,57630.0,57626.0,57630.0,1410.0,5908.5,120.0,57634.27369358262,57697.27439429929,0.7272727272720658,b3620733
2026-08-14T12:33:00+05:30,WAIT,Neutral,Ignore,Neutral,None,Bearish,Low,Flat,Below,Below,Below,None,Bearish,,,,,,2026-08-14T12:30:00+05:30,57612.0,57626.0,57630.0,57612.0,57612.0,1950.0,5908.5,180.0,57631.00096630989,57697.09248637118,-3.272727272727934,b3620733
2026-08-14T12:35:00+05:30,WAIT,Neutral,Ignore,Neutral,None,None,Low,Flat,Above,Below,Above,None,None,,,,,,2026-08-14T12:30:00+05:30,57630.0,57626.0,57630.0,57612.0,57630.0,2820.0,5905.5,300.0,57634.27369358262,57696.84150230306,2.509090909094084,b3620733
2026-08-14T12:37:00+05:30,WAIT,Neutral,Ignore,Neutral,None,None,Low,Flat,At,Below,Above,None,Bearish,,,,,,2026-08-14T12:35:00+05:30,57620.0,57627.8,57627.8,57620.0,57620.0,570.0,5905.5,120.0,57631.6784765676,57696.678647183595,-1.4181818181823473,b3620733
2026-08-14T12:41:00+05:30,WAIT,Neutral,Ignore,Neutral,None,None,Low,Falling,At,Below,Above,None,None,,,,,,2026-08-14T12:40:00+05:30,57611.2,57611.2,57611.2,57611.2,57611.2,240.0,5800.5,60.0,57626.79478661316,57696.22643233743,-3.465508136257995,b3620733
2026-08-14T12:42:00+05:30,WAIT,Neutral,Ignore,Neutral,None,None,Low,Falling,At,Below,Above,None,Bearish,,,,,,2026-08-14T12:40:00+05:30,57611.0,57611.2,57611.2,57611.0,57611.0,750.0,5800.5,120.0,57626.758422976796,57696.05701590271,-0.0363636363617843,b3620733
2026-08-14T12:43:00+05:30,WAIT,Neutral,Ignore,Neutral,None,None,Low,Falling,Below,Below,Above,None,Bearish,,,,,,2026-08-14T12:40:00+05:30,57602.0,57611.2,57611.2,57602.0,57602.0,1350.0,5800.5,180.0,57625.12205934043,57695.837564162386,-1.636363636367605,b3620733
2026-08-14T12:44:00+05:30,WAIT,Neutral,Ignore,Neutral,None,None,Low,Flat,Below,Below,Above,None,Bearish,,,,,,2026-08-14T12:40:00+05:30,57600.0,57611.2,57611.2,57600.0,57600.0,2130.0,5800.5,240.0,57624.758422976796,57695.547755291926,-0.36363636363239493,b3620733
2026-08-14T12:46:00+05:30,WAIT,Neutral,Ignore,Neutral,None,None,Low,Flat,At,Below,Above,None,None,,,,,,2026-08-14T12:45:00+05:30,57605.0,57605.0,57605.0,57605.0,57605.0,330.0,5629.5,60.0,57621.16598243556,57695.1998377752,-3.5924405412370106,b3620733
2026-08-14T12:47:00+05:30,WAIT,Neutral,Ignore,Neutral,None,None,Low,Flat,At,Below,Above,None,Bearish,,,,,,2026-08-14T12:45:00+05:30,57603.8,57605.0,57605.0,57603.8,57603.8,1110.0,5629.5,120.0,57620.94780061738,57694.92530036969,-0.21818181817798177,b3620733
2026-08-14T12:49:00+05:30,WAIT,Neutral,Ignore,Neutral,None,None,Low,Flat,At,Below,Above,None,None,,,,,,2026-08-14T12:45:00+05:30,57620.0,57605.0,57620.0,57603.8,57620.0,2550.0,5629.5,240.0,57623.89325516283,57694.479021139705,2.9090909090882633,b3620733
2026-08-14T12:50:00+05:30,WAIT,Neutral,Ignore,Neutral,Bullish,Bullish,Low,Flat,Above,Below,Above,None,None,,,,,,2026-08-14T12:45:00+05:30,57624.8,57605.0,57624.8,57603.8,57624.8,2850.0,5620.5,300.0,57624.76598243556,57694.39905898554,0.872727272726479,b3620733
2026-08-14T12:51:00+05:30,WAIT,Neutral,Ignore,Neutral,None,None,Low,Flat,At,Below,Above,None,None,,,,,,2026-08-14T12:50:00+05:30,57611.8,57611.8,57611.8,57611.8,57611.8,240.0,5620.5,60.0,57622.40853108364,57694.32329740885,-2.3574513519197353,b3620733
2026-08-14T12:53:00+05:30,WAIT,Neutral,Ignore,Neutral,Bullish,None,Low,Flat,Above,Below,Above,None,None,,,,,,2026-08-14T12:50:00+05:30,57628.2,57611.8,57628.2,57611.8,57628.2,1320.0,5620.5,180.0,57625.39034926546,57694.0124914364,2.2181818181852577,b3620733
2026-08-14T12:55:00+05:30,WAIT,Neutral,Ignore,Neutral,Bearish,None,Low,Flat,Above,Below,Above,None,None,,,,,,2026-08-14T12:50:00+05:30,57622.8,57611.8,57638.6,57611.8,57622.8,1950.0,5271.0,300.0,57624.40853108364,57693.85654402552,-2.872727272726479,b3620733
2026-08-14T12:56:00+05:30,WAIT,Neutral,Ignore,Neutral,None,None,Low,Flat,At,Below,Above,None,None,,,,,,2026-08-14T12:55:00+05:30,57620.6,57620.6,57620.6,57620.6,57620.6,270.0,5271.0,60.0,57623.716070886614,57693.781520254895,-0.6924601970240474,b3620733
2026-08-14T12:57:00+05:30,WAIT,Neutral,Ignore,Neutral,Bullish,None,Low,Flat,Above,Below,Above,None,None,,,,,,2026-08-14T12:55:00+05:30,57627.6,57620.6,57627.6,57620.6,57627.6,540.0,5271.0,120.0,57624.98879815934,57693.71381152666,1.2727272727279342,b3620733
2026-08-14T12:58:00+05:30,WAIT,Neutral,Ignore,Neutral,Bearish,Bearish,Low,Flat,At,Below,Above,None,Bearish,,,,,,2026-08-14T12:55:00+05:30,57618.6,57620.6,57627.6,57618.6,57618.6,750.0,5271.0,180.0,57623.352434522974,57693.65408905043,-1.636363636367605,b3620733
2026-08-14T13:00:00+05:30,WAIT,Neutral,Ignore,Neutral,Bullish,Bullish,Low,Flat,Above,Below,Above,None,None,,,,,,2026-08-14T12:55:00+05:30,57627.8,57620.6,57627.8,57611.2,57627.8,1680.0,5152.5,300.0,57625.025161795704,57693.40423316356,3.018181818180892,b3620733
2026-08-14T13:01:00+05:30,WAIT,Neutral,Ignore,Neutral,None,None,Low,Falling,At,Below,Above,None,None,,,,,,2026-08-14T13:00:00+05:30,57612.0,57612.0,57612.0,57612.0,57612.0,210.0,5152.5,60.0,57622.65695056012,57693.33978737842,-2.368211235581839,b3620733
2026-08-14T13:02:00+05:30,WAIT,Neutral,Ignore,Neutral,Bullish,None,Low,Falling,Above,Below,Above,None,None,,,,,,2026-08-14T13:00:00+05:30,57627.6,57612.0,57627.6,57612.0,57627.6,450.0,5152.5,120.0,57625.49331419649,57693.28036158192,2.8363636363646947,b3620733
2026-08-14T13:03:00+05:30,WAIT,Neutral,Ignore,Neutral,Bearish,None,Low,Falling,At,Below,Above,None,None,,,,,,2026-08-14T13:00:00+05:30,57615.0,57612.0,57627.6,57612.0,57615.0,630.0,5152.5,180.0,57623.20240510558,57693.22732610659,-2.2909090909088263,b3620733
2026-08-14T13:06:00+05:30,WAIT,Neutral,Ignore,Neutral,None,None,Low,Flat,At,Below,Above,None,None,,,,,,2026-08-14T13:05:00+05:30,57621.8,57621.8,57621.8,57621.8,57621.8,180.0,4888.5,60.0,57623.691224012,57693.000968032415,-0.4202720026660245,b3620733
2026-08-14T13:07:00+05:30,WAIT,Neutral,Ignore,Neutral,Bullish,None,Low,Flat,Above,Below,Above,None,None,,,,,,2026-08-14T13:05:00+05:30,57626.8,57621.8,57626.8,57621.8,57626.8,390.0,4888.5,120.0,57624.60031492109,57692.9488471488,0.9090909090882633,b3620733
2026-08-14T13:08:00+05:30,WAIT,Neutral,Ignore,Neutral,Bearish,Bearish,Low,Flat,At,Below,Above,None,Bearish,,,,,,2026-08-14T13:05:00+05:30,57621.2,57621.8,57626.8,57621.2,57621.2,750.0,4888.5,180.0,57623.58213310291,57692.85213972818,-1.0181818181808922,b3620733
2026-08-14T13:09:00+05:30,WAIT,Neutral,Ignore,Neutral,Bearish,None,Low,Flat,Above,Below,Above,None,None,,,,,,2026-08-14T13:05:00+05:30,57623.8,57621.8,57626.8,57621.2,57623.8,960.0,4888.5,240.0,57624.05486037564,57692.79789001122,0.47272727273229975,b3620733
2026-08-14T13:10:00+05:30,WAIT,Neutral,Ignore,Neutral,Bearish,Bearish,Low,Flat,At,Below,Above,None,Bearish,,,,,,2026-08-14T13:05:00+05:30,57620.8,57621.8,57626.8,57620.8,57620.8,1140.0,4282.5,300.0,57623.509405830184,57692.749439210405,-0.5454545454558684,b3620733
2026-08-14T13:11:00+05:30,WAIT,Neutral,Ignore,Neutral,None,None,Low,Flat,Above,Below,Above,None,None,,,,,,2026-08-14T13:10:00+05:30,57629.8,57629.8,57629.8,57629.8,57629.8,540.0,4282.5,60.0,57624.653150224694,57692.62261025297,1.143744394510577,b3620733
2026-08-14T13:18:00+05:30,WAIT,Neutral,Ignore,Neutral,None,None,Low,Flat,Above,Below,Above,None,Bearish,,,,,,2026-08-14T13:15:00+05:30,57633.6,57637.0,57648.8,57633.6,57633.6,840.0,2856.0,180.0,57628.54100720864,57692.177809830246,-2.76363636363385,b3620733
2026-08-14T13:19:00+05:30,WAIT,Neutral,Ignore,Neutral,None,Bullish,Low,Flat,Above,Below,Above,None,None,,,,,,2026-08-14T13:15:00+05:30,57638.8,57637.0,57648.8,57633.6,57638.8,1110.0,2856.0,240.0,57629.486461754095,57692.124562181336,0.9454545454573235,b3620733
2026-08-14T13:21:00+05:30,WAIT,Neutral,Ignore,Neutral,None,None,Low,Falling,Above,Below,Above,None,None,,,,,,2026-08-14T13:20:00+05:30,57637.0,57637.0,57637.0,57637.0,57637.0,360.0,2625.0,60.0,57630.82280755087,57691.99223794781,1.3727094331406988,b3620733
2026-08-14T13:22:00+05:30,WAIT,Neutral,Ignore,Neutral,None,None,Low,Falling,Above,Below,Above,None,Bearish,,,,,,2026-08-14T13:20:00+05:30,57636.4,57637.0,57637.0,57636.4,57636.4,570.0,2625.0,120.0,57630.713716641774,57691.94924317755,-0.10909090909262886,b3620733
2026-08-14T13:26:00+05:30,WAIT,Neutral,Ignore,Neutral,None,None,Low,Flat,Above,Below,Above,None,None,,,,,,2026-08-14T13:25:00+05:30,57635.0,57635.0,57635.0,57635.0,57635.0,240.0,2563.5,60.0,57630.60047890526,57691.70904489436,0.9776713543906226,b3620733
2026-08-14T13:27:00+05:30,WAIT,Neutral,Ignore,Neutral,Bearish,None,Low,Flat,At,Below,Above,None,Bearish,,,,,,2026-08-14T13:25:00+05:30,57617.8,57635.0,57635.0,57617.8,57617.8,540.0,2563.5,120.0,57627.47320617799,57691.62780830952,-3.127272727273521,b3620733
2026-08-14T13:28:00+05:30,WAIT,Neutral,Ignore,Neutral,Bearish,None,Low,Flat,Above,Below,Above,None,Bearish,,,,,,2026-08-14T13:25:00+05:30,57623.2,57635.0,57635.0,57617.8,57623.2,870.0,2563.5,180.0,57628.4550243598,57691.54517510155,0.9818181818118319,b3620733
2026-08-14T13:29:00+05:30,WAIT,Neutral,Ignore,Neutral,Bearish,None,Low,Flat,Above,Below,Above,None,None,,,,,,2026-08-14T13:25:00+05:30,57629.0,57635.0,57635.0,57617.8,57629.0,1470.0,2563.5,240.0,57629.50956981435,57691.40814985212,1.0545454545499524,b3620733
2026-08-14T13:30:00+05:30,WAIT,Neutral,Ignore,Neutral,Bearish,None,Low,Falling,Above,Below,Above,None,None,,,,,,2026-08-14T13:25:00+05:30,57629.0,57635.0,57635.0,57617.8,57629.0,1830.0,2467.5,300.0,57629.50956981435,57691.32622251395,0.0,b3620733
2026-08-14T13:31:00+05:30,WAIT,Neutral,Ignore,Neutral,None,None,Low,Flat,At,Below,Above,None,None,,,,,,2026-08-14T13:30:00+05:30,57611.8,57611.8,57611.8,57611.8,57611.8,90.0,2467.5,60.0,57626.289648029924,57691.3001312336,-3.219921784424514,b3620733
2026-08-14T13:32:00+05:30,WAIT,Neutral,Ignore,Neutral,None,None,Low,Flat,At,Below,Above,None,Bearish,,,,,,2026-08-14T13:30:00+05:30,57611.2,57611.8,57611.8,57611.2,57611.2,390.0,2467.5,120.0,57626.18055712083,57691.212628359186,-0.10909090909262886,b3620733
2026-08-14T13:33:00+05:30,WAIT,Neutral,Ignore,Neutral,None,None,Normal,Flat,Below,Below,Above,None,Bearish,,,,,,2026-08-14T13:30:00+05:30,57600.0,57611.8,57611.8,57600.0,57600.0,1740.0,2467.5,180.0,57624.14419348447,57690.766431133816,-2.0363636363617843,b3620733
2026-08-14T13:34:00+05:30,WAIT,Neutral,Ignore,Neutral,None,None,High,Flat,Below,Below,Rejected,None,Bearish,,,,,,2026-08-14T13:30:00+05:30,57581.8,57611.8,57611.8,57581.8,57581.8,3570.0,2467.5,240.0,57620.83510257538,57690.048617710585,-3.3090909090897185,b3620733
2026-08-14T13:35:00+05:30,WAIT,Neutral,Ignore,Neutral,None,None,High,Flat,Below,Below,Above,None,None,,,,,,2026-08-14T13:30:00+05:30,57598.8,57611.8,57611.8,57581.8,57598.8,3870.0,2385.0,300.0,57623.926011666284,57689.95018338727,3.0909090909044608,b3620733
2026-08-14T13:36:00+05:30,WAIT,Neutral,Ignore,Bearish,None,None,High,Flat,Below,Below,Rejected,None,None,,,,,,2026-08-14T13:35:00+05:30,57581.0,57581.0,57581.0,57581.0,57581.0,900.0,2385.0,60.0,57616.12128227241,57689.59873118279,-7.804729393872549,b3620733
2026-08-14T13:36:32+05:30,WAIT,Neutral,Ignore,Bearish,None,None,Normal,Flat,Below,Below,Rejected,None,None,,,,,,2026-08-14T13:35:00+05:30,57581.0,57581.0,57581.0,57581.0,57581.0,900.0,2385.0,92.0,57616.12128227241,57689.59873118279,-7.804729393872549,b3620733
2026-08-14T13:37:00+05:30,WAIT,Neutral,Ignore,Bearish,None,None,High,Flat,Below,Below,Rejected,None,None,,,,,,2026-08-14T13:35:00+05:30,57581.4,57581.0,57581.4,57581.0,57581.4,1380.0,2385.0,120.0,57616.19400954514,57689.41290253327,0.07272727273084456,b3620733
2026-08-14T13:37:20+05:30,WAIT,Neutral,Ignore,Bearish,None,None,Normal,Flat,Below,Below,Rejected,None,None,,,,,,2026-08-14T13:35:00+05:30,57581.4,57581.0,57581.4,57581.0,57581.4,1380.0,2385.0,140.0,57616.19400954514,57689.41290253327,0.07272727273084456,b3620733
2026-08-14T13:38:00+05:30,WAIT,Neutral,Ignore,Bearish,None,None,High,Flat,Below,Below,Rejected,None,None,,,,,,2026-08-14T13:35:00+05:30,57582.0,57581.0,57582.0,57581.0,57582.0,2250.0,2385.0,180.0,57616.303100454235,57689.079571963615,0.10909090909262886,b3620733
2026-08-14T13:38:48+05:30,WAIT,Neutral,Ignore,Bearish,None,None,Normal,Flat,Below,Below,Rejected,None,None,,,,,,2026-08-14T13:35:00+05:30,57582.0,57581.0,57582.0,57581.0,57582.0,2250.0,2385.0,228.0,57616.303100454235,57689.079571963615,0.10909090909262886,b3620733
2026-08-14T13:39:00+05:30,WAIT,Neutral,Ignore,Bearish,None,None,High,Flat,Below,Below,Above,None,None,,,,,,2026-08-14T13:35:00+05:30,57593.0,57581.0,57593.0,57581.0,57593.0,2910.0,2385.0,240.0,57618.303100454235,57688.853912672144,2.0,b3620733
2026-08-14T13:39:54+05:30,WAIT,Neutral,Ignore,Bearish,None,None,Normal,Flat,Below,Below,Above,None,None,,,,,,2026-08-14T13:35:00+05:30,57593.0,57581.0,57593.0,57581.0,57593.0,2910.0,2385.0,294.0,57618.303100454235,57688.853912672144,2.0,b3620733
2026-08-14T13:40:00+05:30,WAIT,Neutral,Ignore,Bearish,None,None,High,Falling,At,Below,Above,None,None,,,,,,2026-08-14T13:35:00+05:30,57610.0,57581.0,57610.0,57581.0,57610.0,3390.0,2413.5,300.0,57621.39400954514,57688.71945006927,3.0909090909044608,b3620733
2026-08-14T13:41:00+05:30,WAIT,Neutral,Ignore,Bearish,None,None,Low,Flat,At,Below,Above,None,None,,,,,,2026-08-14T13:40:00+05:30,57616.4,57616.4,57616.4,57616.4,57616.4,120.0,2413.5,60.0,57620.48600780966,57688.68863321615,-0.9080017354790471,b3620733
2026-08-14T13:42:00+05:30,WAIT,Neutral,Ignore,Bearish,None,None,Low,Flat,At,Below,Above,None,Bearish,,,,,,2026-08-14T13:40:00+05:30,57614.4,57616.4,57616.4,57614.4,57614.4,570.0,2413.5,120.0,57620.12237144602,57688.57011274197,-0.3636363636396709,b3620733
2026-08-14T13:44:00+05:30,WAIT,Neutral,Ignore,Bearish,Bullish,Bullish,Low,Flat,Above,Below,Above,None,None,,,,,,2026-08-14T13:40:00+05:30,57632.0,57616.4,57632.0,57614.4,57632.0,1290.0,2413.5,240.0,57623.322371446025,57688.41360067897,3.0545454545499524,b3620733
2026-08-14T13:46:00+05:30,WAIT,Neutral,Ignore,Bullish,None,None,High,Falling,Above,Below,Above,None,None,,,,,,2026-08-14T13:45:00+05:30,57712.0,57712.0,57712.0,57712.0,57712.0,6090.0,2379.0,60.0,57639.445576637656,57688.89903436819,16.123205191630404,b3620733
2026-08-14T13:47:00+05:30,WAIT,Neutral,Ignore,Bullish,None,None,High,Falling,Above,Rejected,Above,None,Bullish,,,,,,2026-08-14T13:45:00+05:30,57730.0,57712.0,57730.0,57712.0,57730.0,7980.0,2379.0,120.0,57642.718303910384,57689.1661440066,3.272727272727934,b3620733
2026-08-14T13:48:00+05:30,WAIT,Neutral,Ignore,Bullish,None,None,High,Falling,Above,Below,Above,None,None,,,,,,2026-08-14T13:45:00+05:30,57719.8,57712.0,57730.0,57712.0,57719.8,12180.0,2379.0,180.0,57640.86375845584,57689.60225747407,-1.8545454545455868,b3620733
2026-08-14T13:51:00+05:30,WAIT,Neutral,Ignore,Bullish,None,None,High,Flat,Above,Below,Above,None,None,,,,,,2026-08-14T13:50:00+05:30,57720.0,57720.0,57720.0,57720.0,57720.0,930.0,2940.0,60.0,57653.79431476966,57689.772705265284,14.712374495633412,b3620733
2026-08-14T13:51:16+05:30,WAIT,Neutral,Ignore,Bullish,None,None,Normal,Flat,Above,Below,Above,None,None,,,,,,2026-08-14T13:50:00+05:30,57720.0,57720.0,57720.0,57720.0,57720.0,930.0,2940.0,76.0,57653.79431476966,57689.772705265284,14.712374495633412,b3620733
2026-08-14T13:52:00+05:30,WAIT,Neutral,Ignore,Neutral,None,None,High,Flat,Above,Below,Above,Bullish,None,,,,,,2026-08-14T13:50:00+05:30,57696.0,57720.0,57720.0,57696.0,57696.0,2400.0,2940.0,120.0,57649.43067840602,57689.80333232962,-4.363636363639671,b3620733
2026-08-14T13:56:00+05:30,WAIT,Neutral,Ignore,Bullish,None,None,High,Flat,Above,Below,Above,None,None,,,,,,2026-08-14T13:55:00+05:30,57724.0,57724.0,57724.0,57724.0,57724.0,1290.0,2970.0,60.0,57666.558984811534,57690.10303390839,12.764670041877253,b3620733
2026-08-14T13:56:46+05:30,WAIT,Neutral,Ignore,Bullish,None,None,Normal,Flat,Above,Below,Above,None,None,,,,,,2026-08-14T13:55:00+05:30,57724.0,57724.0,57724.0,57724.0,57724.0,1290.0,2970.0,106.0,57666.558984811534,57690.10303390839,12.764670041877253,b3620733
2026-08-14T13:57:00+05:30,WAIT,Neutral,Ignore,Bullish,None,None,High,Flat,Above,Below,Above,None,None,,,,,,2026-08-14T13:55:00+05:30,57716.0,57724.0,57724.0,57716.0,57716.0,2460.0,2970.0,120.0,57665.10443935699,57690.20278518518,-1.4545454545441316,b3620733
2026-08-14T13:58:00+05:30,WAIT,Neutral,Ignore,Bullish,None,Bullish,High,Flat,Above,Rejected,Above,None,Bullish,,,,,,2026-08-14T13:55:00+05:30,57730.0,57724.0,57730.0,57716.0,57730.0,3870.0,2970.0,180.0,57667.649893902446,57690.386669288244,2.5454545454558684,b3620733
2026-08-14T13:59:00+05:30,WAIT,Neutral,Ignore,Bullish,None,Bullish,High,Flat,Above,Above,Above,None,Bullish,,pullback,,pullback,,2026-08-14T13:55:00+05:30,57741.0,57724.0,57741.0,57716.0,57741.0,4860.0,2970.0,240.0,57669.649893902446,57690.55033806957,2.0,b3620733
2026-08-14T14:00:00+05:30,WAIT,Neutral,Ignore,Bullish,None,Bullish,High,Falling,Above,Above,Above,None,Bullish,,,,,,2026-08-14T13:55:00+05:30,57762.0,57724.0,57762.0,57716.0,57762.0,8490.0,3243.0,300.0,57673.46807572063,57691.38758473755,3.8181818181838025,b3620733
2026-08-14T14:01:00+05:30,WAIT,Neutral,Ignore,Bullish,None,None,High,Flat,Above,Above,Above,None,None,,,,,,2026-08-14T14:00:00+05:30,57772.0,57772.0,57772.0,57772.0,57772.0,3510.0,3243.0,60.0,57691.38297104415,57692.29074020875,17.914895323519886,b3620733
2026-08-14T14:02:00+05:30,WAIT,Neutral,Ignore,Bullish,None,None,High,Rising,Above,Above,Above,None,Bullish,,,,pullback,,2026-08-14T14:00:00+05:30,57785.0,57772.0,57785.0,57772.0,57785.0,6390.0,3243.0,120.0,57693.74660740779,57693.13523104659,2.363636363639671,b3620733
2026-08-14T14:03:00+05:30,WAIT,Neutral,Ignore,Bullish,None,None,High,Flat,Above,Above,Above,None,Bullish,,,,pullback,,2026-08-14T14:00:00+05:30,57799.0,57772.0,57799.0,57772.0,57799.0,8850.0,3243.0,180.0,57696.292061953245,57693.95256567178,2.5454545454558684,b3620733
2026-08-14T14:05:00+05:30,WAIT,Neutral,Ignore,Bullish,None,None,High,Rising,Above,Above,Above,None,None,,,,,,2026-08-14T14:00:00+05:30,57781.0,57772.0,57800.0,57772.0,57781.0,13800.0,3741.0,300.0,57693.01933468052,57695.41982199147,-3.4545454545441316,b3620733
2026-08-14T14:06:00+05:30,WAIT,Neutral,Ignore,Bullish,None,None,High,Flat,Above,Above,Above,None,None,,,,,,2026-08-14T14:05:00+05:30,57775.0,57775.0,57775.0,57775.0,57775.0,2280.0,3741.0,60.0,57707.92491019315,57695.97663413736,14.905575512631913,b3620733
2026-08-14T14:07:34+05:30,WAIT,Neutral,Ignore,Bullish,None,None,Normal,Flat,Above,Above,Above,None,None,,,,,,2026-08-14T14:05:00+05:30,57768.4,57775.0,57775.0,57768.4,57768.4,2400.0,3741.0,154.0,57706.72491019315,57696.00329468065,-1.1999999999970896,b3620733
2026-08-14T14:08:00+05:30,WAIT,Neutral,Ignore,Bullish,None,Bullish,High,Flat,Above,Above,Above,None,Bullish,,pullback,,pullback,,2026-08-14T14:05:00+05:30,57790.0,57775.0,57790.0,57768.4,57790.0,3150.0,3741.0,180.0,57710.65218292042,57696.21906161051,3.9272727272691554,b3620733
2026-08-14T14:08:24+05:30,WAIT,Neutral,Ignore,Bullish,None,Bullish,Normal,Flat,Above,Above,Above,None,Bullish,,pullback,,pullback,,2026-08-14T14:05:00+05:30,57790.0,57775.0,57790.0,57768.4,57790.0,3150.0,3741.0,204.0,57710.65218292042,57696.21906161051,3.9272727272691554,b3620733
2026-08-14T14:11:00+05:30,WAIT,Neutral,Ignore,Bullish,None,None,Low,Flat,Above,Above,Above,None,None,,,,,,2026-08-14T14:10:00+05:30,57794.0,57794.0,57794.0,57794.0,57794.0,480.0,3825.0,60.0,57726.52038106712,57696.65084559832,14.995470873975137,b3620733
2026-08-14T14:12:00+05:30,WAIT,Neutral,Ignore,Bullish,None,None,Normal,Flat,Above,Above,Above,None,Bullish,,,,pullback,,2026-08-14T14:10:00+05:30,57795.0,57794.0,57795.0,57794.0,57795.0,1350.0,3825.0,120.0,57726.70219924894,57696.91088621444,0.18181818181619747,b3620733
2026-08-14T14:12:14+05:30,WAIT,Neutral,Ignore,Bullish,None,None,Low,Flat,Above,Above,Above,None,Bullish,,,,,,2026-08-14T14:10:00+05:30,57795.0,57794.0,57795.0,57794.0,57795.0,1350.0,3825.0,134.0,57726.70219924894,57696.91088621444,0.18181818181619747,b3620733
2026-08-14T14:13:00+05:30,WAIT,Neutral,Ignore,Bullish,None,None,Low,Flat,Above,Above,Above,None,None,,,,,,2026-08-14T14:10:00+05:30,57771.6,57794.0,57795.0,57771.6,57771.6,1620.0,3825.0,180.0,57722.44765379439,57696.97212353102,-4.254545454547042,b3620733
2026-08-14T14:17:00+05:30,WAIT,Neutral,Ignore,Bullish,None,None,Low,Flat,Above,Above,Above,None,Bullish,,,,,,2026-08-14T14:15:00+05:30,57790.0,57789.6,57790.0,57789.6,57790.0,1050.0,3828.0,120.0,57733.80758450946,57697.53582413606,0.0727272727235686,b3620733
2026-08-14T14:18:00+05:30,WAIT,Neutral,Ignore,Bullish,None,None,Low,Flat,Above,Above,Above,None,None,,,,,,2026-08-14T14:15:00+05:30,57775.0,57789.6,57790.0,57775.0,57775.0,1080.0,3828.0,180.0,57731.080311782185,57697.54283129806,-2.727272727272066,b3620733
2026-08-14T14:20:00+05:30,WAIT,Neutral,Ignore,Bullish,None,None,Low,Falling,Above,Above,Above,None,None,,,,,,2026-08-14T14:15:00+05:30,57771.0,57789.6,57790.0,57771.0,57771.0,2190.0,3847.5,300.0,57730.35303905491,57697.79579877389,-0.7272727272720658,b3620733
2026-08-14T14:21:00+05:30,WAIT,Neutral,Ignore,Bullish,None,None,Low,Flat,Above,Above,Above,None,None,,,,,,2026-08-14T14:20:00+05:30,57752.0,57752.0,57752.0,57752.0,57752.0,540.0,3847.5,60.0,57734.28885013584,57697.88361836183,3.9358110809262143,b3620733
2026-08-14T14:22:00+05:30,WAIT,Neutral,Ignore,Bullish,None,None,Low,Flat,Above,Above,Above,None,Bullish,,,,,,2026-08-14T14:20:00+05:30,57753.0,57752.0,57753.0,57752.0,57753.0,1080.0,3847.5,120.0,57734.470668317656,57697.97277138749,0.18181818181619747,b3620733
2026-08-14T14:23:00+05:30,WAIT,Neutral,Ignore,Bullish,None,None,Low,Flat,Above,Rejected,Above,None,None,,,,,,2026-08-14T14:20:00+05:30,57740.0,57752.0,57753.0,57740.0,57740.0,1560.0,3847.5,180.0,57732.10703195402,57698.033111988516,-2.363636363632395,b3620733
2026-08-14T14:25:00+05:30,WAIT,Neutral,Ignore,Bullish,None,Bullish,Low,Flat,Above,Above,Above,None,Bullish,,,,,,2026-08-14T14:20:00+05:30,57770.0,57752.0,57770.0,57740.0,57770.0,2580.0,3838.5,300.0,57737.56157740857,57698.226426910005,5.200000000004366,b3620733
2026-08-14T14:26:00+05:30,WAIT,Neutral,Ignore,Bullish,None,None,Low,Flat,Above,Rejected,Above,None,None,,,,,,2026-08-14T14:25:00+05:30,57748.0,57748.0,57748.0,57748.0,57748.0,120.0,3838.5,60.0,57739.459472425195,57698.24423180111,1.8978950166274444,b3620733
2026-08-14T14:32:00+05:30,WAIT,Neutral,Ignore,Bullish,None,None,Normal,Flat,Above,Above,Above,None,Bullish,,,,pullback,,2026-08-14T14:30:00+05:30,57752.4,57741.0,57752.4,57741.0,57752.4,1440.0,3750.0,120.0,57740.860229504906,57698.58573965548,2.0727272727235686,b3620733
2026-08-14T14:32:26+05:30,WAIT,Neutral,Ignore,Bullish,None,None,Low,Flat,Above,Above,Above,None,Bullish,,,,,,2026-08-14T14:30:00+05:30,57752.4,57741.0,57752.4,57741.0,57752.4,1440.0,3750.0,146.0,57740.860229504906,57698.58573965548,2.0727272727235686,b3620733
2026-08-14T14:33:00+05:30,WAIT,Neutral,Ignore,Bullish,Bullish,None,Low,Flat,Above,Above,Above,None,Bullish,,,,,,2026-08-14T14:30:00+05:30,57763.0,57741.0,57763.0,57741.0,57763.0,1530.0,3750.0,180.0,57742.78750223218,57698.60289391922,1.9272727272764314,b3620733
2026-08-14T14:35:00+05:30,WAIT,Neutral,Ignore,Bullish,None,None,Low,Falling,Above,Rejected,Above,None,None,,,,,,2026-08-14T14:30:00+05:30,57747.0,57741.0,57763.0,57741.0,57747.0,2220.0,3763.5,300.0,57739.87841132309,57698.720216158756,-2.400000000001455,b3620733
2026-08-14T14:36:00+05:30,WAIT,Neutral,Ignore,Bullish,None,None,Low,Flat,Above,Rejected,Above,None,None,,,,,,2026-08-14T14:35:00+05:30,57748.4,57748.4,57748.4,57748.4,57748.4,270.0,3763.5,60.0,57741.427791082526,57698.75979463574,1.5493797594390344,b3620733
2026-08-14T14:37:00+05:30,WAIT,Neutral,Ignore,Bullish,None,None,Low,Flat,Above,Above,Above,None,Bullish,,,,,,2026-08-14T14:35:00+05:30,57751.0,57748.4,57751.0,57748.4,57751.0,570.0,3763.5,120.0,57741.90051835525,57698.80599628549,0.4727272727250238,b3620733
2026-08-14T14:38:00+05:30,WAIT,Neutral,Ignore,Bullish,None,None,Low,Flat,Above,Rejected,Above,None,None,,,,,,2026-08-14T14:35:00+05:30,57740.0,57748.4,57751.0,57740.0,57740.0,1410.0,3763.5,180.0,57739.90051835525,57698.90775474195,-2.0,b3620733
2026-08-14T14:39:00+05:30,WAIT,Neutral,Ignore,Bullish,Bullish,None,Low,Flat,Above,Rejected,Above,None,None,,,,,,2026-08-14T14:35:00+05:30,57745.0,57748.4,57751.0,57740.0,57745.0,1980.0,3763.5,240.0,57740.80960926435,57698.98488638365,0.9090909090955392,b3620733
2026-08-14T14:40:00+05:30,WAIT,Neutral,Ignore,Bullish,Bullish,None,Low,Falling,Above,Rejected,Above,None,None,,,,,,2026-08-14T14:35:00+05:30,57745.0,57748.4,57751.0,57740.0,57745.0,2100.0,3784.5,300.0,57740.80960926435,57699.001091741506,0.0,b3620733
2026-08-14T14:41:00+05:30,WAIT,Neutral,Ignore,Bullish,None,None,High,Flat,Above,Rejected,Above,None,None,,,,,,2026-08-14T14:40:00+05:30,57750.0,57750.0,57750.0,57750.0,57750.0,1200.0,3784.5,60.0,57742.4805893981,57699.18006667837,1.6709801337565295,b3620733
2026-08-14T14:41:18+05:30,WAIT,Neutral,Ignore,Bullish,None,None,Normal,Flat,Above,Rejected,Above,None,None,,,,,,2026-08-14T14:40:00+05:30,57750.0,57750.0,57750.0,57750.0,57750.0,1200.0,3784.5,78.0,57742.4805893981,57699.18006667837,1.6709801337565295,b3620733
2026-08-14T14:42:00+05:30,WAIT,Neutral,Ignore,Bullish,None,None,Normal,Flat,Above,Above,Above,None,Bullish,,,,pullback,,2026-08-14T14:40:00+05:30,57751.0,57750.0,57751.0,57750.0,57751.0,1440.0,3784.5,120.0,57742.66240757992,57699.21641241452,0.18181818181619747,b3620733
2026-08-14T14:42:24+05:30,WAIT,Neutral,Ignore,Bullish,None,None,Low,Flat,Above,Above,Above,None,Bullish,,,,,,2026-08-14T14:40:00+05:30,57751.0,57750.0,57751.0,57750.0,57751.0,1440.0,3784.5,144.0,57742.66240757992,57699.21641241452,0.18181818181619747,b3620733
2026-08-14T14:44:00+05:30,WAIT,Neutral,Ignore,Neutral,None,None,Low,Flat,Above,Rejected,Above,None,None,,,,,,2026-08-14T14:40:00+05:30,57741.4,57750.0,57768.0,57741.4,57741.4,1740.0,3784.5,240.0,57740.916953034466,57699.25802382621,-4.836363636364695,b3620733
2026-08-14T14:45:00+05:30,WAIT,Neutral,Ignore,Neutral,Bearish,Bearish,Low,Falling,Above,Rejected,Above,None,None,,,,,,2026-08-14T14:40:00+05:30,57740.0,57750.0,57768.0,57740.0,57740.0,2010.0,3820.5,300.0,57740.66240757992,57699.29011816192,-0.254545454547042,b3620733
2026-08-14T14:46:00+05:30,WAIT,Neutral,Ignore,Neutral,None,None,Low,Flat,Above,Below,Above,None,None,,,,,,2026-08-14T14:45:00+05:30,57738.8,57738.8,57738.8,57738.8,57738.8,300.0,3820.5,60.0,57740.32378801994,57699.3246698732,-0.33861955998145277,b3620733
2026-08-14T14:47:00+05:30,WAIT,Neutral,Ignore,Neutral,Bearish,None,Low,Flat,Above,Below,Above,None,None,,,,,,2026-08-14T14:45:00+05:30,57730.0,57738.8,57738.8,57730.0,57730.0,780.0,3820.5,120.0,57738.72378801993,57699.36753121998,-1.6000000000058208,b3620733
2026-08-14T14:51:00+05:30,WAIT,Neutral,Ignore,Neutral,None,None,Low,Flat,Above,Below,Above,None,None,,,,,,2026-08-14T14:50:00+05:30,57725.0,57725.0,57725.0,57725.0,57725.0,570.0,3867.0,60.0,57734.770702594826,57699.50744375923,-2.1712672432913678,b3620733
2026-08-14T14:52:00+05:30,WAIT,Neutral,Ignore,Bullish,Bullish,None,Low,Flat,Above,Rejected,Above,None,Bullish,,,,,,2026-08-14T14:50:00+05:30,57749.0,57725.0,57749.0,57725.0,57749.0,930.0,3867.0,120.0,57739.13433895846,57699.558976138826,4.363636363632395,b3620733
2026-08-14T14:53:00+05:30,WAIT,Neutral,Ignore,Bullish,Bullish,None,Low,Flat,Above,Above,Above,None,Bullish,,,,,,2026-08-14T14:50:00+05:30,57765.0,57725.0,57765.0,57725.0,57765.0,1800.0,3867.0,180.0,57742.043429867554,57699.7232300502,2.9090909090955392,b3620733
2026-08-14T14:54:00+05:30,WAIT,Neutral,Ignore,Bullish,Bullish,None,Low,Flat,Above,Rejected,Above,None,Bullish,,,,,,2026-08-14T14:50:00+05:30,57750.0,57725.0,57765.0,57725.0,57750.0,2370.0,3867.0,240.0,57739.316157140274,57699.805772055646,-2.727272727279342,b3620733
2026-08-14T14:55:00+05:30,WAIT,Neutral,Ignore,Bullish,Bullish,None,Low,Flat,Above,Above,Above,None,Bullish,,,,,,2026-08-14T14:50:00+05:30,57760.0,57725.0,57765.0,57725.0,57760.0,2550.0,3891.0,300.0,57741.13433895846,57699.83696346835,1.8181818181838025,b3620733
2026-08-14T14:56:00+05:30,WAIT,Neutral,Ignore,Bullish,None,None,Low,Flat,Above,Rejected,Above,None,None,,,,,,2026-08-14T14:55:00+05:30,57745.2,57745.2,57745.2,57745.2,57745.2,240.0,3891.0,60.0,57741.87355005692,57699.86828342108,0.7392110984583269,b3620733
2026-08-14T14:57:00+05:30,WAIT,Neutral,Ignore,Bullish,None,None,Low,Flat,Above,Rejected,Above,None,Bullish,,,,,,2026-08-14T14:55:00+05:30,57746.6,57745.2,57746.6,57745.2,57746.6,450.0,3891.0,120.0,57742.12809551146,57699.89649818872,0.254545454547042,b3620733
2026-08-14T14:58:00+05:30,WAIT,Neutral,Ignore,Bullish,None,None,Low,Flat,Above,Above,Above,None,Bullish,,,,,,2026-08-14T14:55:00+05:30,57752.6,57745.2,57752.6,57745.2,57752.6,690.0,3891.0,180.0,57743.219004602375,57699.93283916566,1.0909090909117367,b3620733
2026-08-14T14:59:00+05:30,WAIT,Neutral,Ignore,Bullish,None,None,Low,Flat,Above,Rejected,Above,None,None,,,,,,2026-08-14T14:55:00+05:30,57744.4,57745.2,57752.6,57744.4,57744.4,1050.0,3891.0,240.0,57741.72809551147,57699.97878422593,-1.490909090905916,b3620733
2026-08-14T15:01:00+05:30,WAIT,Neutral,Ignore,Bullish,None,None,Low,Flat,Above,Below,Above,None,None,,,,,,2026-08-14T15:00:00+05:30,57734.8,57734.8,57734.8,57734.8,57734.8,660.0,3921.0,60.0,57740.28992938541,57700.16297565992,-1.219984307870618,b3620733
2026-08-14T15:02:00+05:30,WAIT,Neutral,Ignore,Bullish,None,None,Low,Flat,Above,Below,Above,None,Bullish,,,,,,2026-08-14T15:00:00+05:30,57735.8,57734.8,57735.8,57734.8,57735.8,1050.0,3921.0,120.0,57740.47174756723,57700.20263676055,0.18181818181619747,b3620733
2026-08-14T15:03:00+05:30,WAIT,Neutral,Ignore,Bullish,None,Bearish,Normal,Flat,Above,Below,Above,None,None,,,,,,2026-08-14T15:00:00+05:30,57728.0,57734.8,57735.8,57728.0,57728.0,2040.0,3921.0,180.0,57739.05356574905,57700.28094587673,-1.4181818181823473,b3620733
2026-08-14T15:03:16+05:30,WAIT,Neutral,Ignore,Bullish,None,Bearish,Low,Flat,Above,Below,Above,None,None,,,,,,2026-08-14T15:00:00+05:30,57728.0,57734.8,57735.8,57728.0,57728.0,2040.0,3921.0,196.0,57739.05356574905,57700.28094587673,-1.4181818181823473,b3620733
2026-08-14T15:04:00+05:30,WAIT,Neutral,Ignore,Bullish,None,Bearish,Normal,Flat,Above,Below,Above,None,None,,,,,,2026-08-14T15:00:00+05:30,57731.0,57734.8,57735.8,57728.0,57731.0,2670.0,3921.0,240.0,57739.5990202945,57700.335918193436,0.5454545454558684,b3620733
2026-08-14T15:04:16+05:30,WAIT,Neutral,Ignore,Bullish,None,Bearish,Low,Flat,Above,Below,Above,None,None,,,,,,2026-08-14T15:00:00+05:30,57731.0,57734.8,57735.8,57728.0,57731.0,2670.0,3921.0,256.0,57739.5990202945,57700.335918193436,0.5454545454558684,b3620733
2026-08-14T15:05:00+05:30,WAIT,Neutral,Ignore,Bullish,Bullish,Bullish,Normal,Falling,Above,Rejected,Above,None,Bullish,,,,,,2026-08-14T15:00:00+05:30,57745.0,57734.8,57745.0,57728.0,57745.0,3420.0,4020.0,300.0,57742.14447483996,57700.43086734694,2.5454545454558684,b3620733
2026-08-14T15:06:00+05:30,WAIT,Neutral,Ignore,Bullish,None,None,Low,Flat,Above,Below,Above,None,None,,,,,,2026-08-14T15:05:00+05:30,57735.0,57735.0,57735.0,57735.0,57735.0,450.0,4020.0,60.0,57740.845479414515,57700.4749044586,-1.2989954254444456,b3620733
2026-08-14T15:07:00+05:30,WAIT,Neutral,Ignore,Bullish,None,None,Normal,Flat,Above,Below,Above,None,None,,,,,,2026-08-14T15:05:00+05:30,57718.8,57735.0,57735.0,57718.8,57718.8,1620.0,4020.0,120.0,57737.90002486906,57700.53539867953,-2.9454545454573235,b3620733
2026-08-14T15:07:32+05:30,WAIT,Neutral,Ignore,Bullish,None,None,Low,Flat,Above,Below,Above,None,None,,,,,,2026-08-14T15:05:00+05:30,57718.8,57735.0,57735.0,57718.8,57718.8,1620.0,4020.0,152.0,57737.90002486906,57700.53539867953,-2.9454545454573235,b3620733
2026-08-14T15:08:00+05:30,WAIT,Neutral,Ignore,Bullish,None,None,Normal,Flat,Above,Below,Above,None,None,,,,,,2026-08-14T15:05:00+05:30,57725.0,57735.0,57735.0,57718.8,57725.0,2160.0,4020.0,180.0,57739.02729759633,57700.57261663286,1.127272727273521,b3620733
2026-08-14T15:08:22+05:30,WAIT,Neutral,Ignore,Bullish,None,None,Low,Flat,Above,Below,Above,None,None,,,,,,2026-08-14T15:05:00+05:30,57725.0,57735.0,57735.0,57718.8,57725.0,2160.0,4020.0,202.0,57739.02729759633,57700.57261663286,1.127272727273521,b3620733
2026-08-14T15:10:00+05:30,WAIT,Neutral,Ignore,Bullish,None,None,Low,Falling,Above,Below,Above,Bullish,None,,,,,,2026-08-14T15:05:00+05:30,57710.2,57735.0,57735.0,57710.2,57710.2,2940.0,4075.5,300.0,57736.33638850542,57700.60040479001,-3.599999999998545,b3620733
2026-08-14T15:11:00+05:30,WAIT,Neutral,Ignore,Bullish,None,None,High,Flat,Above,Below,Above,None,None,,,,,,2026-08-14T15:10:00+05:30,57735.0,57735.0,57735.0,57735.0,57735.0,2220.0,4075.5,60.0,57736.09340877716,57700.81374455246,-0.24297972826025216,b3620733
2026-08-14T15:13:00+05:30,WAIT,Neutral,Ignore,Neutral,Bearish,None,High,Flat,Above,Below,Above,Bullish,None,,,,,,2026-08-14T15:10:00+05:30,57705.0,57735.0,57735.0,57705.0,57705.0,4350.0,4075.5,180.0,57730.638863322616,57700.92390235775,-4.545454545455868,b3620733
2026-08-14T15:14:56+05:30,WAIT,Neutral,Ignore,Neutral,Bearish,None,Normal,Flat,Above,Below,Above,Bullish,None,,,,,,2026-08-14T15:10:00+05:30,57715.2,57735.0,57735.0,57705.0,57715.2,5010.0,4075.5,296.0,57732.49340877716,57700.95002079002,1.8545454545455868,b3620733
2026-08-14T15:15:00+05:30,WAIT,Neutral,Ignore,Neutral,Bearish,None,High,Falling,At,Below,Above,Bullish,None,,,,,,2026-08-14T15:10:00+05:30,57723.0,57735.0,57735.0,57705.0,57723.0,5880.0,4176.0,300.0,57733.911590595344,57701.00306952049,1.4181818181823473,b3620733
2026-08-14T15:16:00+05:30,WAIT,Neutral,Ignore,Neutral,None,None,High,Flat,At,Below,Above,None,None,,,,,,2026-08-14T15:15:00+05:30,57720.0,57720.0,57720.0,57720.0,57720.0,1500.0,4176.0,60.0,57731.3822104871,57701.081543291475,-2.529380108244368,b3620733
2026-08-14T15:16:28+05:30,WAIT,Neutral,Ignore,Neutral,None,None,Normal,Flat,At,Below,Above,None,None,,,,,,2026-08-14T15:15:00+05:30,57720.0,57720.0,57720.0,57720.0,57720.0,1500.0,4176.0,88.0,57731.3822104871,57701.081543291475,-2.529380108244368,b3620733
2026-08-14T15:18:00+05:30,WAIT,Neutral,Ignore,Neutral,None,None,Normal,Flat,Below,Below,Above,Bullish,None,,,,,,2026-08-14T15:15:00+05:30,57705.6,57720.0,57720.0,57705.6,57705.6,2640.0,4176.0,180.0,57728.76402866892,57701.117031790476,-2.618181818179437,b3620733
2026-08-14T15:18:58+05:30,WAIT,Neutral,Ignore,Neutral,None,None,Low,Flat,Below,Below,Above,Bullish,None,,,,,,2026-08-14T15:15:00+05:30,57705.6,57720.0,57720.0,57705.6,57705.6,2640.0,4176.0,238.0,57728.76402866892,57701.117031790476,-2.618181818179437,b3620733
2026-08-14T15:19:00+05:30,WAIT,Neutral,Ignore,Neutral,None,None,Normal,Flat,At,Below,Above,Bullish,None,,,,,,2026-08-14T15:15:00+05:30,57708.0,57720.0,57720.0,57705.6,57708.0,3030.0,4176.0,240.0,57729.20039230528,57701.124393253805,0.4363636363632395,b3620733
2026-08-14T15:19:34+05:30,WAIT,Neutral,Ignore,Neutral,None,None,Low,Flat,At,Below,Above,Bullish,None,,,,,,2026-08-14T15:15:00+05:30,57708.0,57720.0,57720.0,57705.6,57708.0,3030.0,4176.0,274.0,57729.20039230528,57701.124393253805,0.4363636363632395,b3620733
2026-08-14T15:20:00+05:30,WAIT,Neutral,Ignore,Neutral,None,None,Low,Falling,At,Below,Above,Bullish,None,,,,,,2026-08-14T15:15:00+05:30,57710.0,57720.0,57720.0,57705.6,57710.0,3360.0,4174.5,300.0,57729.564028668916,57701.1324182147,0.36363636363239493,b3620733
2026-08-14T15:21:00+05:30,WAIT,Neutral,Ignore,Neutral,None,None,Low,Flat,Below,Below,Above,Bullish,None,,,,,,2026-08-14T15:20:00+05:30,57704.2,57704.2,57704.2,57704.2,57704.2,180.0,4174.5,60.0,57724.95238709275,57701.13393033191,-4.611641576164402,b3620733
2026-08-14T15:22:00+05:30,WAIT,Neutral,Ignore,Neutral,None,None,Low,Flat,Below,Below,Above,Bullish,Bullish,,,,,,2026-08-14T15:20:00+05:30,57705.0,57704.2,57705.0,57704.2,57705.0,690.0,4174.5,120.0,57725.097841638206,57701.13932233981,0.14545454545441316,b3620733
2026-08-14T15:23:00+05:30,WAIT,Neutral,Ignore,Neutral,None,Bearish,Low,Flat,Below,Below,Above,Bearish,Bearish,,,,,,2026-08-14T15:20:00+05:30,57700.0,57704.2,57705.0,57700.0,57700.0,1080.0,4174.5,180.0,57724.18875072911,57701.1381085068,-0.9090909090955392,b3620733
2026-08-14T15:25:00+05:30,WAIT,Neutral,Ignore,Neutral,None,Bearish,Low,Flat,Below,Below,Above,Bullish,None,,,,,,2026-08-14T15:20:00+05:30,57702.0,57704.2,57705.0,57700.0,57702.0,2100.0,4212.0,300.0,57724.55238709275,57701.1387054593,0.3636363636396709,b3620733
2026-08-14T15:26:00+05:30,WAIT,Neutral,Ignore,Neutral,None,None,Low,Flat,Below,Below,Above,Bearish,None,,,,,,2026-08-14T15:25:00+05:30,57701.0,57701.0,57701.0,57701.0,57701.0,690.0,4212.0,60.0,57720.27013489407,57701.138445223914,-4.282252198681817,b3620733
2026-08-14T15:27:00+05:30,WAIT,Neutral,Ignore,Neutral,None,None,Low,Flat,At,Below,Above,Bullish,Bullish,,,,,,2026-08-14T15:25:00+05:30,57709.0,57701.0,57709.0,57701.0,57709.0,1380.0,4212.0,120.0,57721.72468034861,57701.1531672366,1.4545454545441316,b3620733
2026-08-14T15:28:00+05:30,WAIT,Neutral,Ignore,Neutral,None,Bearish,Normal,Flat,Below,Below,Above,Bearish,Bearish,,,,,trend,2026-08-14T15:25:00+05:30,57690.0,57701.0,57709.0,57690.0,57690.0,2400.0,4212.0,180.0,57718.27013489407,57701.12237739526,-3.4545454545441316,b3620733
2026-08-14T15:28:34+05:30,WAIT,Neutral,Ignore,Neutral,None,Bearish,Low,Flat,Below,Below,Above,Bearish,Bearish,,,,,,2026-08-14T15:25:00+05:30,57690.0,57701.0,57709.0,57690.0,57690.0,2400.0,4212.0,214.0,57718.27013489407,57701.12237739526,-3.4545454545441316,b3620733
2026-08-14T15:30:00+05:30,WAIT,Neutral,Ignore,Neutral,None,Bearish,High,Falling,Below,Below,Above,Bearish,Bearish,,,,,,2026-08-14T15:25:00+05:30,57688.8,57701.0,57709.0,57686.8,57688.8,5730.0,3816.0,300.0,57718.05195307589,57701.010702502615,0.3636363636396709,b3620733
